epoch,target_epochs,seconds,categorical_accuracy,loss,val_categorical_accuracy,val_loss
1.0,3000.0,148.0,0.1401,2.7189,0.1709,2.5748
2.0,3000.0,113.0,0.2003,2.4752,0.2239,2.3842
3.0,3000.0,112.0,0.2457,2.2991,0.2747,2.2004
4.0,3000.0,110.0,0.2796,2.174,0.3038,2.1051
5.0,3000.0,110.0,0.3094,2.0699,0.3321,1.9987
6.0,3000.0,111.0,0.3364,1.9782,0.3636,1.8965
7.0,3000.0,111.0,0.3561,1.9133,0.3803,1.8375
8.0,3000.0,113.0,0.3773,1.8435,0.3858,1.803
9.0,3000.0,112.0,0.4002,1.7735,0.3801,1.8003
10.0,3000.0,117.0,0.418,1.716,0.4325,1.692
11.0,3000.0,114.0,0.4338,1.6659,0.426,1.6832
12.0,3000.0,115.0,0.4476,1.6202,0.4732,1.56
13.0,3000.0,114.0,0.4619,1.5816,0.4677,1.5586
14.0,3000.0,113.0,0.4745,1.5367,0.4934,1.505
15.0,3000.0,115.0,0.4867,1.5031,0.4908,1.4912
16.0,3000.0,113.0,0.4994,1.4611,0.5181,1.4078
17.0,3000.0,113.0,0.5116,1.4254,0.5262,1.3979
18.0,3000.0,114.0,0.5208,1.3913,0.4994,1.4498
19.0,3000.0,112.0,0.5325,1.3576,0.5389,1.3318
20.0,3000.0,112.0,0.5385,1.3371,0.5504,1.3087
21.0,3000.0,112.0,0.5421,1.3257,0.516,1.3643
22.0,3000.0,114.0,0.5543,1.2862,0.5727,1.2427
23.0,3000.0,116.0,0.5625,1.2604,0.576,1.229
24.0,3000.0,114.0,0.5692,1.2385,0.5425,1.2948
25.0,3000.0,114.0,0.5761,1.2181,0.5978,1.1675
26.0,3000.0,127.0,0.5805,1.2016,0.6054,1.1401
27.0,3000.0,115.0,0.5889,1.1781,0.605,1.1358
28.0,3000.0,147.0,0.5927,1.1647,0.6049,1.1248
29.0,3000.0,115.0,0.598,1.1496,0.6038,1.1377
30.0,3000.0,115.0,0.6002,1.1406,0.6175,1.0969
31.0,3000.0,111.0,0.6086,1.1156,0.6214,1.0878
32.0,3000.0,114.0,0.61,1.1078,0.6243,1.0718
33.0,3000.0,113.0,0.609,1.1135,0.6254,1.0726
34.0,3000.0,114.0,0.6156,1.0933,0.5596,1.2119
35.0,3000.0,117.0,0.6157,1.0912,0.6336,1.049
36.0,3000.0,117.0,0.6287,1.0522,0.621,1.0834
37.0,3000.0,121.0,0.6245,1.0645,0.6126,1.0983
38.0,3000.0,116.0,0.6346,1.0345,0.6332,1.0364
39.0,3000.0,119.0,0.6316,1.0417,0.6362,1.0296
40.0,3000.0,114.0,0.6384,1.0221,0.6464,0.9968
41.0,3000.0,113.0,0.6393,1.0199,0.6276,1.0283
42.0,3000.0,119.0,0.6424,1.0083,0.6406,1.0102
43.0,3000.0,116.0,0.6468,0.9959,0.6365,1.021
44.0,3000.0,117.0,0.6468,0.9965,0.6558,0.977
45.0,3000.0,115.0,0.6482,0.9902,0.6285,1.0561
46.0,3000.0,116.0,0.6494,0.9882,0.648,0.995
47.0,3000.0,118.0,0.6566,0.9676,0.6465,0.9804
48.0,3000.0,117.0,0.6544,0.9722,0.6626,0.9584
49.0,3000.0,114.0,0.6587,0.9612,0.6595,0.9554
50.0,3000.0,114.0,0.6614,0.9505,0.6612,0.9375
51.0,3000.0,114.0,0.6571,0.9631,0.6696,0.9252
52.0,3000.0,114.0,0.6647,0.9403,0.6495,0.9849
53.0,3000.0,113.0,0.6695,0.9267,0.6729,0.9237
54.0,3000.0,112.0,0.6678,0.9307,0.6072,1.095
55.0,3000.0,112.0,0.6708,0.9225,0.6821,0.8988
56.0,3000.0,112.0,0.6763,0.9079,0.6794,0.8983
57.0,3000.0,115.0,0.672,0.9209,0.6874,0.8766
58.0,3000.0,119.0,0.6783,0.9003,0.6731,0.9142
59.0,3000.0,114.0,0.6757,0.9089,0.6766,0.9119
60.0,3000.0,122.0,0.6749,0.9112,0.6635,0.9434
61.0,3000.0,117.0,0.6772,0.9036,0.6804,0.8951
62.0,3000.0,115.0,0.6802,0.8952,0.6898,0.8806
63.0,3000.0,117.0,0.6798,0.8951,0.6601,0.9383
64.0,3000.0,115.0,0.6854,0.8788,0.6846,0.88
65.0,3000.0,116.0,0.6839,0.8844,0.6952,0.8602
66.0,3000.0,117.0,0.6877,0.8741,0.6934,0.8625
67.0,3000.0,118.0,0.6915,0.8625,0.6995,0.8424
68.0,3000.0,114.0,0.6906,0.8621,0.696,0.8469
69.0,3000.0,114.0,0.6891,0.8677,0.6752,0.9023
70.0,3000.0,115.0,0.6923,0.8595,0.6832,0.8895
71.0,3000.0,113.0,0.6937,0.8545,0.7012,0.8407
72.0,3000.0,116.0,0.6967,0.8469,0.6943,0.8588
73.0,3000.0,120.0,0.6963,0.8464,0.7077,0.8162
74.0,3000.0,113.0,0.6961,0.848,0.6929,0.8535
75.0,3000.0,112.0,0.702,0.8303,0.6976,0.8451
76.0,3000.0,112.0,0.6976,0.8429,0.701,0.8265
77.0,3000.0,113.0,0.6982,0.8413,0.7055,0.8225
78.0,3000.0,112.0,0.7017,0.831,0.702,0.8299
79.0,3000.0,111.0,0.704,0.8239,0.7014,0.8201
80.0,3000.0,112.0,0.7068,0.8166,0.7072,0.8131
81.0,3000.0,117.0,0.7043,0.8245,0.7089,0.8075
82.0,3000.0,114.0,0.7073,0.8137,0.706,0.812
83.0,3000.0,113.0,0.7067,0.8158,0.7157,0.792
84.0,3000.0,113.0,0.7051,0.8204,0.712,0.8056
85.0,3000.0,117.0,0.7107,0.805,0.7085,0.8111
86.0,3000.0,136.0,0.7078,0.8142,0.6906,0.8546
87.0,3000.0,114.0,0.7095,0.8072,0.6695,0.9002
88.0,3000.0,116.0,0.7106,0.805,0.7104,0.8117
89.0,3000.0,119.0,0.7099,0.8079,0.7141,0.7916
90.0,3000.0,115.0,0.7098,0.8069,0.7195,0.787
91.0,3000.0,116.0,0.7158,0.7902,0.693,0.8434
92.0,3000.0,113.0,0.7085,0.8116,0.7212,0.7739
93.0,3000.0,116.0,0.7144,0.7958,0.7094,0.8085
94.0,3000.0,114.0,0.7125,0.7992,0.7108,0.8134
95.0,3000.0,113.0,0.713,0.7987,0.7129,0.7921
96.0,3000.0,114.0,0.7121,0.8031,0.7189,0.7839
97.0,3000.0,118.0,0.717,0.7855,0.7094,0.8165
98.0,3000.0,115.0,0.7209,0.7764,0.713,0.8125
99.0,3000.0,116.0,0.7156,0.7911,0.7236,0.7754
100.0,3000.0,115.0,0.7176,0.7862,0.7208,0.7797
101.0,3000.0,115.0,0.7187,0.78,0.71,0.8016
102.0,3000.0,115.0,0.7231,0.7683,0.7191,0.7804
103.0,3000.0,114.0,0.72,0.7775,0.7203,0.7844
104.0,3000.0,114.0,0.7189,0.7821,0.7281,0.7502
105.0,3000.0,114.0,0.7139,0.7971,0.7296,0.758
106.0,3000.0,115.0,0.7162,0.7891,0.7219,0.7819
107.0,3000.0,112.0,0.7241,0.7668,0.7263,0.766
108.0,3000.0,113.0,0.719,0.7803,0.7263,0.7668
109.0,3000.0,113.0,0.7294,0.7479,0.7288,0.7471
110.0,3000.0,114.0,0.7215,0.7732,0.7242,0.7755
111.0,3000.0,112.0,0.7221,0.773,0.7269,0.7641
112.0,3000.0,112.0,0.7261,0.7609,0.7194,0.7759
113.0,3000.0,113.0,0.7277,0.7537,0.735,0.7368
114.0,3000.0,112.0,0.7248,0.7642,0.7261,0.7704
115.0,3000.0,115.0,0.7332,0.7391,0.7331,0.736
116.0,3000.0,112.0,0.7224,0.7699,0.732,0.7541
117.0,3000.0,119.0,0.7242,0.7651,0.7293,0.7581
118.0,3000.0,113.0,0.7291,0.7515,0.7318,0.7445
119.0,3000.0,112.0,0.7268,0.7572,0.6962,0.8258
120.0,3000.0,113.0,0.7286,0.7524,0.7315,0.7501
121.0,3000.0,111.0,0.7266,0.7584,0.73,0.752
122.0,3000.0,111.0,0.7298,0.7486,0.7158,0.7949
123.0,3000.0,112.0,0.7298,0.7489,0.7249,0.7678
124.0,3000.0,112.0,0.7289,0.75,0.7317,0.7554
125.0,3000.0,112.0,0.7285,0.7529,0.7266,0.7676
126.0,3000.0,112.0,0.7324,0.7413,0.7384,0.7209
127.0,3000.0,114.0,0.7328,0.7399,0.7175,0.7702
128.0,3000.0,117.0,0.7344,0.7346,0.7379,0.7335
129.0,3000.0,116.0,0.7329,0.7404,0.7257,0.7698
130.0,3000.0,113.0,0.7303,0.7473,0.745,0.7202
131.0,3000.0,114.0,0.7312,0.7444,0.7197,0.7734
132.0,3000.0,114.0,0.7348,0.7331,0.7334,0.7493
133.0,3000.0,113.0,0.729,0.7512,0.7427,0.7033
134.0,3000.0,113.0,0.7337,0.7373,0.7308,0.741
135.0,3000.0,111.0,0.7294,0.7474,0.7359,0.7397
136.0,3000.0,111.0,0.7352,0.7322,0.7439,0.717
137.0,3000.0,111.0,0.735,0.7322,0.7398,0.7161
138.0,3000.0,112.0,0.7364,0.7294,0.7395,0.7211
139.0,3000.0,113.0,0.7373,0.7261,0.7343,0.7376
140.0,3000.0,113.0,0.7399,0.7175,0.7414,0.7284
141.0,3000.0,113.0,0.7358,0.7327,0.7413,0.7249
142.0,3000.0,114.0,0.7367,0.7276,0.7454,0.7031
143.0,3000.0,112.0,0.7414,0.7144,0.7386,0.7146
144.0,3000.0,113.0,0.7408,0.7152,0.7339,0.7249
145.0,3000.0,112.0,0.7355,0.7296,0.7456,0.7046
146.0,3000.0,112.0,0.7402,0.7164,0.7387,0.7408
147.0,3000.0,113.0,0.74,0.7187,0.7452,0.7028
148.0,3000.0,115.0,0.7392,0.7212,0.7423,0.7202
149.0,3000.0,114.0,0.7394,0.7206,0.7405,0.7152
150.0,3000.0,130.0,0.7416,0.7125,0.7309,0.7403
151.0,3000.0,117.0,0.7411,0.7144,0.7403,0.7125
152.0,3000.0,111.0,0.7431,0.7085,0.7417,0.7183
153.0,3000.0,118.0,0.7395,0.7195,0.7342,0.7255
154.0,3000.0,112.0,0.7395,0.7206,0.7389,0.7272
155.0,3000.0,110.0,0.7396,0.7193,0.7438,0.711
156.0,3000.0,115.0,0.7421,0.7116,0.7412,0.7056
157.0,3000.0,110.0,0.7446,0.7043,0.7412,0.7093
158.0,3000.0,110.0,0.7384,0.7242,0.7359,0.7336
159.0,3000.0,111.0,0.7399,0.7169,0.7448,0.7053
160.0,3000.0,112.0,0.744,0.7062,0.7413,0.7266
161.0,3000.0,113.0,0.7417,0.7131,0.7486,0.7023
162.0,3000.0,116.0,0.7421,0.7123,0.7511,0.6765
163.0,3000.0,114.0,0.744,0.705,0.7304,0.7423
164.0,3000.0,116.0,0.7445,0.7041,0.7451,0.7005
165.0,3000.0,114.0,0.7426,0.7081,0.7524,0.6874
166.0,3000.0,114.0,0.7446,0.7032,0.7575,0.6629
167.0,3000.0,112.0,0.7451,0.7018,0.7478,0.6844
168.0,3000.0,114.0,0.7411,0.7137,0.741,0.7134
169.0,3000.0,113.0,0.7469,0.6964,0.7531,0.6805
170.0,3000.0,113.0,0.7444,0.7044,0.7387,0.7244
171.0,3000.0,115.0,0.7451,0.7017,0.7481,0.6869
172.0,3000.0,115.0,0.7504,0.6855,0.747,0.7014
173.0,3000.0,116.0,0.7467,0.6991,0.7461,0.6972
174.0,3000.0,114.0,0.7491,0.6897,0.751,0.6955
175.0,3000.0,114.0,0.7486,0.6911,0.7477,0.7058
176.0,3000.0,113.0,0.7455,0.6991,0.7527,0.6883
177.0,3000.0,114.0,0.748,0.6915,0.7441,0.7022
178.0,3000.0,112.0,0.7466,0.697,0.7479,0.6978
179.0,3000.0,115.0,0.7489,0.6889,0.7354,0.7349
180.0,3000.0,117.0,0.751,0.6808,0.7455,0.6986
181.0,3000.0,131.0,0.7532,0.676,0.7564,0.6679
182.0,3000.0,114.0,0.7511,0.6821,0.7492,0.6853
183.0,3000.0,113.0,0.7495,0.6861,0.7494,0.6978
184.0,3000.0,113.0,0.7515,0.6807,0.748,0.6913
185.0,3000.0,114.0,0.7492,0.6871,0.7561,0.6742
186.0,3000.0,113.0,0.75,0.6855,0.7513,0.6858
187.0,3000.0,112.0,0.749,0.6873,0.7504,0.6969
188.0,3000.0,114.0,0.751,0.6822,0.7478,0.6883
189.0,3000.0,115.0,0.7461,0.6975,0.7484,0.6826
190.0,3000.0,118.0,0.7486,0.6904,0.7485,0.6976
191.0,3000.0,116.0,0.7487,0.6876,0.7495,0.6868
192.0,3000.0,115.0,0.7465,0.6951,0.7577,0.6634
193.0,3000.0,114.0,0.7488,0.6889,0.7563,0.6674
194.0,3000.0,113.0,0.7493,0.6855,0.7377,0.7195
195.0,3000.0,114.0,0.7532,0.6745,0.7513,0.6802
196.0,3000.0,120.0,0.7508,0.6791,0.7572,0.6623
197.0,3000.0,114.0,0.7484,0.6891,0.7462,0.6856
198.0,3000.0,115.0,0.7537,0.6723,0.7536,0.6729
199.0,3000.0,114.0,0.7513,0.6809,0.742,0.7066
200.0,3000.0,116.0,0.7579,0.6568,0.7472,0.689
201.0,3000.0,114.0,0.7513,0.6796,0.7643,0.639
202.0,3000.0,115.0,0.7582,0.6577,0.7595,0.6599
203.0,3000.0,114.0,0.7579,0.6593,0.7559,0.6634
204.0,3000.0,115.0,0.7534,0.6712,0.7504,0.6876
205.0,3000.0,113.0,0.7529,0.6715,0.7542,0.6698
206.0,3000.0,114.0,0.7519,0.6768,0.7526,0.6685
207.0,3000.0,112.0,0.7488,0.6852,0.7634,0.6428
208.0,3000.0,112.0,0.7546,0.6657,0.7612,0.6557
209.0,3000.0,117.0,0.7534,0.6684,0.7589,0.6562
210.0,3000.0,113.0,0.7525,0.6727,0.7611,0.6515
211.0,3000.0,114.0,0.7553,0.6624,0.7658,0.6361
212.0,3000.0,115.0,0.7601,0.6496,0.7555,0.6626
213.0,3000.0,115.0,0.758,0.6565,0.7586,0.6519
214.0,3000.0,113.0,0.7521,0.6729,0.7587,0.6581
215.0,3000.0,112.0,0.7568,0.6593,0.7615,0.647
216.0,3000.0,114.0,0.7577,0.6558,0.757,0.6562
217.0,3000.0,113.0,0.7568,0.6564,0.7669,0.6296
218.0,3000.0,113.0,0.7557,0.6619,0.7612,0.6505
219.0,3000.0,112.0,0.7542,0.6658,0.7589,0.662
220.0,3000.0,114.0,0.755,0.662,0.7539,0.6681
221.0,3000.0,114.0,0.7576,0.6553,0.7531,0.6644
222.0,3000.0,113.0,0.7583,0.6522,0.7553,0.6659
223.0,3000.0,114.0,0.7643,0.6337,0.7453,0.6878
224.0,3000.0,113.0,0.7622,0.6398,0.7596,0.656
225.0,3000.0,112.0,0.7577,0.6524,0.7646,0.6323
226.0,3000.0,112.0,0.7594,0.6491,0.762,0.6442
227.0,3000.0,112.0,0.7575,0.653,0.7583,0.655
228.0,3000.0,112.0,0.7609,0.6445,0.7645,0.6323
229.0,3000.0,111.0,0.7573,0.6544,0.7628,0.6486
230.0,3000.0,115.0,0.7565,0.6577,0.7574,0.6537
231.0,3000.0,119.0,0.7608,0.6439,0.7676,0.6278
232.0,3000.0,122.0,0.762,0.639,0.7571,0.6575
233.0,3000.0,117.0,0.7608,0.6433,0.7493,0.6728
234.0,3000.0,122.0,0.7599,0.645,0.7624,0.6378
235.0,3000.0,116.0,0.7572,0.6546,0.7734,0.6121
236.0,3000.0,115.0,0.7598,0.6455,0.7606,0.6404
237.0,3000.0,114.0,0.7588,0.6475,0.762,0.6348
238.0,3000.0,116.0,0.7602,0.6441,0.7563,0.6526
239.0,3000.0,115.0,0.7585,0.6502,0.7617,0.6365
240.0,3000.0,111.0,0.7572,0.6537,0.759,0.6483
241.0,3000.0,112.0,0.7622,0.6368,0.7356,0.7058
242.0,3000.0,112.0,0.761,0.6417,0.7648,0.6301
243.0,3000.0,114.0,0.763,0.6353,0.756,0.6511
244.0,3000.0,110.0,0.7575,0.6506,0.7568,0.6558
245.0,3000.0,110.0,0.765,0.6287,0.7699,0.6239
246.0,3000.0,114.0,0.7609,0.6393,0.7644,0.6487
247.0,3000.0,111.0,0.7649,0.6282,0.7651,0.6287
248.0,3000.0,112.0,0.7627,0.6364,0.7691,0.6175
249.0,3000.0,110.0,0.7633,0.6323,0.7486,0.6662
250.0,3000.0,110.0,0.7603,0.643,0.7686,0.618
251.0,3000.0,109.0,0.7629,0.6343,0.7414,0.6841
252.0,3000.0,108.0,0.7624,0.6359,0.7694,0.6251
253.0,3000.0,110.0,0.7666,0.622,0.7667,0.6254
254.0,3000.0,108.0,0.7599,0.6423,0.7627,0.6435
255.0,3000.0,111.0,0.7648,0.6263,0.7653,0.6251
256.0,3000.0,109.0,0.7642,0.6293,0.7602,0.6389
257.0,3000.0,110.0,0.765,0.6269,0.7658,0.6374
258.0,3000.0,112.0,0.7644,0.6285,0.7673,0.6224
259.0,3000.0,111.0,0.7655,0.6241,0.7706,0.6135
260.0,3000.0,110.0,0.7661,0.6229,0.7609,0.641
261.0,3000.0,108.0,0.7601,0.6408,0.7672,0.6198
262.0,3000.0,109.0,0.7689,0.614,0.7627,0.6424
263.0,3000.0,109.0,0.7619,0.6362,0.754,0.6614
264.0,3000.0,110.0,0.7682,0.6168,0.7753,0.6005
265.0,3000.0,115.0,0.7613,0.6364,0.7636,0.6338
266.0,3000.0,109.0,0.7652,0.6255,0.7617,0.6331
267.0,3000.0,109.0,0.7644,0.6268,0.7669,0.6239
268.0,3000.0,110.0,0.771,0.609,0.7525,0.6492
269.0,3000.0,111.0,0.7638,0.6292,0.7722,0.5999
270.0,3000.0,109.0,0.7654,0.6243,0.7659,0.6269
271.0,3000.0,109.0,0.7672,0.62,0.7646,0.6297
272.0,3000.0,110.0,0.7679,0.6174,0.7654,0.6313
273.0,3000.0,110.0,0.7691,0.6121,0.7619,0.6339
274.0,3000.0,109.0,0.767,0.6203,0.7658,0.6257
275.0,3000.0,115.0,0.7667,0.6203,0.7669,0.6265
276.0,3000.0,109.0,0.7655,0.623,0.765,0.6272
277.0,3000.0,109.0,0.7647,0.6274,0.772,0.6109
278.0,3000.0,108.0,0.7686,0.6137,0.757,0.6475
279.0,3000.0,109.0,0.7736,0.599,0.7736,0.5997
280.0,3000.0,109.0,0.7629,0.6304,0.7657,0.6218
281.0,3000.0,110.0,0.77,0.6084,0.7699,0.6114
282.0,3000.0,112.0,0.7688,0.613,0.7724,0.6085
283.0,3000.0,111.0,0.7633,0.6291,0.77,0.6094
284.0,3000.0,108.0,0.7614,0.6342,0.7673,0.6173
285.0,3000.0,111.0,0.7697,0.61,0.7735,0.6022
286.0,3000.0,109.0,0.7671,0.6173,0.7812,0.5826
287.0,3000.0,110.0,0.7678,0.6151,0.7689,0.6102
288.0,3000.0,110.0,0.77,0.6082,0.7693,0.6053
289.0,3000.0,109.0,0.7691,0.6115,0.774,0.6042
290.0,3000.0,110.0,0.7677,0.6147,0.7739,0.603
291.0,3000.0,110.0,0.7712,0.6033,0.758,0.6511
292.0,3000.0,109.0,0.7675,0.616,0.7579,0.6341
293.0,3000.0,109.0,0.7743,0.595,0.7715,0.6012
294.0,3000.0,109.0,0.77,0.6082,0.771,0.6094
295.0,3000.0,109.0,0.7686,0.6131,0.7741,0.6046
296.0,3000.0,110.0,0.7731,0.5975,0.7686,0.6078
297.0,3000.0,109.0,0.7647,0.6243,0.7729,0.6045
298.0,3000.0,110.0,0.7711,0.6046,0.7708,0.6098
299.0,3000.0,110.0,0.7669,0.6172,0.7728,0.5954
300.0,3000.0,109.0,0.7677,0.6148,0.7707,0.6091
301.0,3000.0,109.0,0.767,0.6173,0.7716,0.6136
302.0,3000.0,110.0,0.7663,0.6186,0.7747,0.5968
303.0,3000.0,109.0,0.7742,0.5949,0.7763,0.5852
304.0,3000.0,110.0,0.7704,0.607,0.7643,0.6264
305.0,3000.0,125.0,0.7673,0.6134,0.7794,0.5851
306.0,3000.0,112.0,0.7666,0.6172,0.7756,0.6034
307.0,3000.0,110.0,0.7706,0.6037,0.7741,0.5951
308.0,3000.0,111.0,0.7704,0.6064,0.7822,0.5783
309.0,3000.0,109.0,0.7674,0.616,0.7598,0.6429
310.0,3000.0,109.0,0.7725,0.5991,0.7786,0.5832
311.0,3000.0,109.0,0.7694,0.6079,0.7676,0.6122
312.0,3000.0,114.0,0.7708,0.6035,0.7655,0.6142
313.0,3000.0,108.0,0.7733,0.5964,0.7771,0.6022
314.0,3000.0,110.0,0.7708,0.6039,0.7759,0.5871
315.0,3000.0,115.0,0.7717,0.6022,0.7757,0.5895
316.0,3000.0,112.0,0.7723,0.5985,0.7549,0.6455
317.0,3000.0,112.0,0.7738,0.5954,0.7648,0.6162
318.0,3000.0,112.0,0.7712,0.6019,0.779,0.5881
319.0,3000.0,111.0,0.7738,0.5945,0.7737,0.592
320.0,3000.0,110.0,0.7737,0.5952,0.7741,0.6025
321.0,3000.0,108.0,0.7691,0.6084,0.7773,0.5916
322.0,3000.0,110.0,0.7714,0.6022,0.7767,0.5815
323.0,3000.0,109.0,0.7705,0.6042,0.7798,0.5816
324.0,3000.0,109.0,0.7721,0.6,0.7619,0.6276
325.0,3000.0,108.0,0.7762,0.5872,0.7807,0.5738
326.0,3000.0,111.0,0.7687,0.6088,0.7754,0.5888
327.0,3000.0,108.0,0.7731,0.5958,0.775,0.5907
328.0,3000.0,109.0,0.7702,0.6047,0.766,0.6151
329.0,3000.0,109.0,0.7732,0.5955,0.7703,0.6136
330.0,3000.0,109.0,0.7712,0.6025,0.7665,0.6172
331.0,3000.0,109.0,0.7726,0.5978,0.7692,0.6028
332.0,3000.0,108.0,0.7737,0.5933,0.7595,0.6325
333.0,3000.0,109.0,0.7748,0.5897,0.7725,0.5974
334.0,3000.0,108.0,0.7761,0.5866,0.7811,0.574
335.0,3000.0,110.0,0.7771,0.5839,0.7719,0.6037
336.0,3000.0,109.0,0.7764,0.5856,0.7771,0.5844
337.0,3000.0,108.0,0.7736,0.5937,0.7753,0.5888
338.0,3000.0,111.0,0.7769,0.5825,0.7776,0.5838
339.0,3000.0,110.0,0.7756,0.5878,0.7865,0.5565
340.0,3000.0,110.0,0.7759,0.588,0.7805,0.577
341.0,3000.0,108.0,0.776,0.5869,0.7745,0.5906
342.0,3000.0,109.0,0.7771,0.5824,0.7807,0.5717
343.0,3000.0,108.0,0.7768,0.5842,0.7715,0.6075
344.0,3000.0,109.0,0.7733,0.5944,0.7672,0.6065
345.0,3000.0,108.0,0.7776,0.5813,0.7846,0.565
346.0,3000.0,108.0,0.7743,0.5905,0.7774,0.5876
347.0,3000.0,110.0,0.7727,0.5975,0.7711,0.6047
348.0,3000.0,109.0,0.7757,0.5886,0.7716,0.6026
349.0,3000.0,108.0,0.7721,0.5979,0.7764,0.5862
350.0,3000.0,116.0,0.7782,0.5803,0.7747,0.6012
351.0,3000.0,110.0,0.7754,0.588,0.7625,0.6158
352.0,3000.0,110.0,0.7756,0.5867,0.7776,0.5863
353.0,3000.0,112.0,0.7796,0.5751,0.7722,0.6004
354.0,3000.0,111.0,0.7778,0.5809,0.7758,0.5863
355.0,3000.0,110.0,0.7786,0.5774,0.7346,0.689
356.0,3000.0,117.0,0.774,0.5915,0.7805,0.586
357.0,3000.0,109.0,0.7761,0.5853,0.7788,0.5784
358.0,3000.0,109.0,0.7749,0.5879,0.7813,0.5825
359.0,3000.0,110.0,0.7715,0.5999,0.7805,0.5747
360.0,3000.0,109.0,0.782,0.5678,0.7691,0.6015
361.0,3000.0,109.0,0.7763,0.5848,0.783,0.5642
362.0,3000.0,109.0,0.778,0.5804,0.789,0.5534
363.0,3000.0,109.0,0.7785,0.5784,0.7788,0.5749
364.0,3000.0,110.0,0.7755,0.5866,0.7726,0.6011
365.0,3000.0,109.0,0.7807,0.5717,0.7816,0.5728
366.0,3000.0,109.0,0.7781,0.5803,0.7872,0.5552
367.0,3000.0,110.0,0.7808,0.5704,0.7815,0.5712
368.0,3000.0,109.0,0.7781,0.5802,0.7797,0.5721
369.0,3000.0,109.0,0.777,0.5829,0.7799,0.5757
370.0,3000.0,109.0,0.773,0.5945,0.7718,0.5968
371.0,3000.0,109.0,0.7744,0.5896,0.7514,0.6476
372.0,3000.0,109.0,0.7781,0.5794,0.7745,0.591
373.0,3000.0,110.0,0.7774,0.5811,0.7773,0.5889
374.0,3000.0,110.0,0.7775,0.5813,0.7795,0.5749
375.0,3000.0,109.0,0.7757,0.5864,0.7764,0.5907
376.0,3000.0,110.0,0.7784,0.5777,0.7806,0.5701
377.0,3000.0,109.0,0.7769,0.582,0.7748,0.5913
378.0,3000.0,110.0,0.7796,0.5754,0.7793,0.5702
379.0,3000.0,109.0,0.7752,0.5876,0.7765,0.5903
380.0,3000.0,110.0,0.7825,0.5663,0.7766,0.5885
381.0,3000.0,111.0,0.7775,0.5803,0.7833,0.5687
382.0,3000.0,279.0,0.7803,0.5733,0.7804,0.569
383.0,3000.0,113.0,0.7788,0.5771,0.7791,0.5816
384.0,3000.0,113.0,0.7772,0.5804,0.7767,0.5823
385.0,3000.0,112.0,0.7803,0.5711,0.7835,0.5642
386.0,3000.0,113.0,0.779,0.5755,0.7794,0.5689
387.0,3000.0,112.0,0.783,0.5643,0.7869,0.5525
388.0,3000.0,111.0,0.7765,0.5832,0.7858,0.5562
389.0,3000.0,112.0,0.7802,0.5722,0.7885,0.5535
390.0,3000.0,113.0,0.7816,0.5675,0.7745,0.5917
391.0,3000.0,112.0,0.7787,0.5769,0.746,0.6517
392.0,3000.0,117.0,0.7777,0.5799,0.7839,0.5673
393.0,3000.0,110.0,0.7725,0.5951,0.7672,0.5995
394.0,3000.0,110.0,0.7804,0.5718,0.7703,0.5919
395.0,3000.0,111.0,0.7778,0.5795,0.7828,0.5713
396.0,3000.0,115.0,0.7774,0.5807,0.7811,0.5737
397.0,3000.0,112.0,0.7779,0.5784,0.7815,0.5664
398.0,3000.0,117.0,0.7824,0.5657,0.7803,0.5701
399.0,3000.0,110.0,0.7803,0.5711,0.7767,0.5762
400.0,3000.0,108.0,0.7805,0.5705,0.781,0.5671
401.0,3000.0,108.0,0.7827,0.5636,0.7811,0.5671
402.0,3000.0,109.0,0.7795,0.5736,0.7818,0.5643
403.0,3000.0,108.0,0.7822,0.5661,0.7795,0.5741
404.0,3000.0,109.0,0.7766,0.5821,0.7801,0.5762
405.0,3000.0,110.0,0.7798,0.5733,0.7813,0.5685
406.0,3000.0,110.0,0.7802,0.5723,0.7795,0.5802
407.0,3000.0,109.0,0.7833,0.562,0.7803,0.5812
408.0,3000.0,109.0,0.7788,0.5756,0.7934,0.5399
409.0,3000.0,109.0,0.7809,0.569,0.777,0.58
410.0,3000.0,109.0,0.7796,0.5731,0.7746,0.5966
411.0,3000.0,108.0,0.78,0.5721,0.7788,0.5833
412.0,3000.0,109.0,0.7791,0.5748,0.7811,0.5698
413.0,3000.0,108.0,0.7808,0.5692,0.7792,0.5768
414.0,3000.0,109.0,0.7857,0.5557,0.7873,0.5481
415.0,3000.0,109.0,0.7751,0.5869,0.7739,0.592
416.0,3000.0,110.0,0.7835,0.5615,0.7832,0.5621
417.0,3000.0,109.0,0.7844,0.5584,0.7847,0.5629
418.0,3000.0,109.0,0.7821,0.5654,0.7854,0.5632
419.0,3000.0,108.0,0.7783,0.5775,0.7826,0.5692
420.0,3000.0,111.0,0.7855,0.5553,0.7913,0.5486
421.0,3000.0,109.0,0.7834,0.5613,0.7847,0.5651
422.0,3000.0,108.0,0.7828,0.5624,0.7858,0.553
423.0,3000.0,109.0,0.7831,0.5623,0.7815,0.5733
424.0,3000.0,109.0,0.7848,0.557,0.7833,0.5659
425.0,3000.0,109.0,0.7803,0.5704,0.7731,0.5874
426.0,3000.0,108.0,0.7837,0.5594,0.785,0.5604
427.0,3000.0,109.0,0.7841,0.5592,0.7806,0.565
428.0,3000.0,108.0,0.7813,0.5678,0.7817,0.5726
429.0,3000.0,108.0,0.783,0.5623,0.7771,0.5862
430.0,3000.0,108.0,0.78,0.571,0.7595,0.6239
431.0,3000.0,109.0,0.7835,0.5611,0.787,0.5538
432.0,3000.0,108.0,0.7845,0.5578,0.7829,0.56
433.0,3000.0,111.0,0.7842,0.5587,0.7752,0.5869
434.0,3000.0,108.0,0.7777,0.5781,0.7817,0.566
435.0,3000.0,113.0,0.7816,0.5672,0.783,0.5591
436.0,3000.0,110.0,0.7824,0.5641,0.7663,0.6121
437.0,3000.0,109.0,0.7816,0.5665,0.7889,0.5497
438.0,3000.0,110.0,0.786,0.5527,0.7812,0.572
439.0,3000.0,110.0,0.7862,0.5527,0.7849,0.5589
440.0,3000.0,109.0,0.783,0.5616,0.7822,0.5646
441.0,3000.0,109.0,0.7865,0.5517,0.7834,0.5636
442.0,3000.0,108.0,0.7853,0.5547,0.7846,0.5561
443.0,3000.0,108.0,0.7854,0.5555,0.7869,0.5518
444.0,3000.0,109.0,0.7836,0.5602,0.7829,0.5615
445.0,3000.0,109.0,0.7834,0.5602,0.7886,0.5505
446.0,3000.0,140.0,0.7824,0.5636,0.7825,0.5613
447.0,3000.0,113.0,0.7848,0.5559,0.7798,0.571
448.0,3000.0,110.0,0.7819,0.5647,0.7765,0.5788
449.0,3000.0,110.0,0.7802,0.5696,0.7878,0.5519
450.0,3000.0,110.0,0.79,0.5408,0.7858,0.5475
451.0,3000.0,108.0,0.7834,0.5611,0.7813,0.5686
452.0,3000.0,109.0,0.7856,0.5538,0.7826,0.5682
453.0,3000.0,109.0,0.7856,0.5524,0.7871,0.5501
454.0,3000.0,109.0,0.7867,0.5504,0.7803,0.5798
455.0,3000.0,109.0,0.7851,0.5553,0.7811,0.5803
456.0,3000.0,110.0,0.7879,0.5463,0.7878,0.5498
457.0,3000.0,110.0,0.7856,0.553,0.7823,0.5698
458.0,3000.0,109.0,0.7814,0.5658,0.7884,0.5478
459.0,3000.0,108.0,0.7856,0.5528,0.7808,0.5733
460.0,3000.0,109.0,0.7896,0.5412,0.787,0.5509
461.0,3000.0,109.0,0.783,0.5615,0.7848,0.5502
462.0,3000.0,109.0,0.7798,0.5712,0.7881,0.5545
463.0,3000.0,110.0,0.7864,0.5507,0.7873,0.5464
464.0,3000.0,115.0,0.7826,0.5624,0.7868,0.5527
465.0,3000.0,112.0,0.7876,0.5474,0.7827,0.564
466.0,3000.0,110.0,0.7856,0.5529,0.7884,0.5398
467.0,3000.0,109.0,0.786,0.5524,0.7891,0.549
468.0,3000.0,109.0,0.7854,0.5539,0.7874,0.5509
469.0,3000.0,110.0,0.7836,0.5595,0.7832,0.5633
470.0,3000.0,114.0,0.7862,0.5515,0.784,0.5572
471.0,3000.0,109.0,0.7793,0.5719,0.7886,0.5396
472.0,3000.0,115.0,0.7835,0.5601,0.7883,0.5513
473.0,3000.0,109.0,0.7833,0.5599,0.7844,0.5588
474.0,3000.0,110.0,0.7826,0.5621,0.7863,0.5588
475.0,3000.0,109.0,0.7882,0.5464,0.7875,0.5475
476.0,3000.0,109.0,0.7844,0.5565,0.7756,0.5807
477.0,3000.0,112.0,0.7882,0.546,0.7798,0.5686
478.0,3000.0,111.0,0.7862,0.5521,0.7778,0.5843
479.0,3000.0,110.0,0.7896,0.5416,0.7903,0.542
480.0,3000.0,109.0,0.784,0.5575,0.7862,0.5534
481.0,3000.0,110.0,0.7863,0.5501,0.7891,0.5429
482.0,3000.0,109.0,0.7874,0.5491,0.7876,0.5486
483.0,3000.0,109.0,0.7842,0.5576,0.795,0.5232
484.0,3000.0,109.0,0.7879,0.5459,0.7868,0.5527
485.0,3000.0,111.0,0.7862,0.5517,0.7914,0.5426
486.0,3000.0,109.0,0.7828,0.5611,0.7849,0.5528
487.0,3000.0,111.0,0.7903,0.5392,0.7907,0.5502
488.0,3000.0,109.0,0.7792,0.572,0.7897,0.5436
489.0,3000.0,110.0,0.7878,0.5463,0.7935,0.539
490.0,3000.0,109.0,0.787,0.5488,0.7888,0.5426
491.0,3000.0,109.0,0.7909,0.5372,0.7891,0.5433
492.0,3000.0,108.0,0.7841,0.5576,0.7762,0.5787
493.0,3000.0,109.0,0.7857,0.5534,0.7846,0.5602
494.0,3000.0,109.0,0.7874,0.5475,0.7922,0.5344
495.0,3000.0,109.0,0.7869,0.5499,0.7885,0.5441
496.0,3000.0,109.0,0.7882,0.5454,0.7905,0.542
497.0,3000.0,113.0,0.7878,0.5456,0.7895,0.5436
498.0,3000.0,114.0,0.784,0.5575,0.7858,0.5587
499.0,3000.0,113.0,0.7874,0.5468,0.785,0.552
500.0,3000.0,113.0,0.7862,0.551,0.7901,0.542
501.0,3000.0,113.0,0.7859,0.5522,0.7892,0.5411
502.0,3000.0,112.0,0.7872,0.5484,0.7857,0.5586
503.0,3000.0,113.0,0.7872,0.5472,0.786,0.5582
504.0,3000.0,111.0,0.7886,0.5437,0.7869,0.5512
505.0,3000.0,112.0,0.7876,0.5464,0.7852,0.5545
506.0,3000.0,111.0,0.7888,0.5446,0.7937,0.5316
507.0,3000.0,113.0,0.7875,0.5464,0.7911,0.5344
508.0,3000.0,111.0,0.7869,0.5492,0.7978,0.5239
509.0,3000.0,111.0,0.7859,0.5524,0.7904,0.5367
510.0,3000.0,111.0,0.7852,0.554,0.7955,0.5256
511.0,3000.0,111.0,0.7877,0.5466,0.786,0.5542
512.0,3000.0,589.0,0.7871,0.5485,0.7891,0.5412
513.0,3000.0,115.0,0.7863,0.5508,0.786,0.5525
514.0,3000.0,113.0,0.7862,0.5507,0.7915,0.5393
515.0,3000.0,112.0,0.7899,0.5394,0.7888,0.5457
516.0,3000.0,115.0,0.7854,0.553,0.774,0.5818
517.0,3000.0,111.0,0.7869,0.5486,0.7933,0.5383
518.0,3000.0,109.0,0.787,0.5476,0.7879,0.5407
519.0,3000.0,110.0,0.7885,0.5452,0.7753,0.5856
520.0,3000.0,112.0,0.7848,0.5545,0.7932,0.5317
521.0,3000.0,110.0,0.7898,0.5395,0.787,0.548
522.0,3000.0,110.0,0.7887,0.5435,0.7866,0.5482
523.0,3000.0,110.0,0.7916,0.5359,0.7874,0.5572
524.0,3000.0,110.0,0.7858,0.5521,0.7814,0.5676
525.0,3000.0,112.0,0.7873,0.5469,0.796,0.5239
526.0,3000.0,111.0,0.782,0.5626,0.7895,0.5459
527.0,3000.0,112.0,0.7844,0.5562,0.7896,0.5444
528.0,3000.0,111.0,0.7943,0.5269,0.7983,0.5196
529.0,3000.0,110.0,0.7907,0.5372,0.7849,0.5498
530.0,3000.0,110.0,0.7905,0.5385,0.7878,0.5549
531.0,3000.0,111.0,0.7863,0.5503,0.7939,0.5295
532.0,3000.0,111.0,0.7913,0.5353,0.7947,0.522
533.0,3000.0,109.0,0.7877,0.5446,0.7846,0.5613
534.0,3000.0,110.0,0.7877,0.5456,0.7869,0.5533
535.0,3000.0,110.0,0.7875,0.5476,0.7886,0.5439
536.0,3000.0,110.0,0.7845,0.5544,0.7901,0.5447
537.0,3000.0,110.0,0.785,0.5543,0.7915,0.5445
538.0,3000.0,110.0,0.7872,0.5477,0.7984,0.5184
539.0,3000.0,112.0,0.79,0.5392,0.7933,0.5311
540.0,3000.0,112.0,0.7888,0.5427,0.7842,0.5619
541.0,3000.0,110.0,0.7869,0.5489,0.7796,0.5747
542.0,3000.0,111.0,0.7867,0.5492,0.7821,0.5587
543.0,3000.0,111.0,0.7882,0.5447,0.7895,0.5447
544.0,3000.0,120.0,0.7915,0.5339,0.7897,0.5384
545.0,3000.0,112.0,0.7932,0.5291,0.784,0.5643
546.0,3000.0,111.0,0.7889,0.5434,0.7888,0.5589
547.0,3000.0,111.0,0.7883,0.543,0.7935,0.5286
548.0,3000.0,111.0,0.7875,0.5475,0.777,0.5748
549.0,3000.0,111.0,0.7881,0.544,0.7876,0.5458
550.0,3000.0,111.0,0.7935,0.5287,0.7948,0.5294
551.0,3000.0,111.0,0.7896,0.5397,0.7897,0.5428
552.0,3000.0,117.0,0.7863,0.5508,0.7941,0.5232
553.0,3000.0,111.0,0.7884,0.5444,0.785,0.5646
554.0,3000.0,113.0,0.7888,0.5437,0.7915,0.5341
555.0,3000.0,113.0,0.786,0.5519,0.783,0.5636
556.0,3000.0,113.0,0.7881,0.5444,0.7952,0.5282
557.0,3000.0,113.0,0.7909,0.5365,0.7876,0.5415
558.0,3000.0,113.0,0.7888,0.5427,0.7878,0.5512
559.0,3000.0,113.0,0.7914,0.5349,0.7888,0.5416
560.0,3000.0,114.0,0.7922,0.5337,0.7938,0.5293
561.0,3000.0,113.0,0.7878,0.5453,0.7913,0.5372
562.0,3000.0,113.0,0.7908,0.5368,0.7883,0.5471
563.0,3000.0,113.0,0.7908,0.5373,0.789,0.5392
564.0,3000.0,115.0,0.7891,0.5417,0.7956,0.5226
565.0,3000.0,115.0,0.7931,0.5295,0.7882,0.5512
566.0,3000.0,112.0,0.7901,0.5385,0.7918,0.5347
567.0,3000.0,112.0,0.7911,0.535,0.7765,0.5745
568.0,3000.0,113.0,0.7938,0.5279,0.795,0.5285
569.0,3000.0,112.0,0.7887,0.5433,0.788,0.5467
570.0,3000.0,112.0,0.7912,0.5361,0.7866,0.5559
571.0,3000.0,111.0,0.7916,0.5347,0.7884,0.545
572.0,3000.0,110.0,0.7913,0.5364,0.7941,0.5304
573.0,3000.0,110.0,0.7878,0.5455,0.7942,0.5219
574.0,3000.0,111.0,0.7905,0.537,0.7776,0.5688
575.0,3000.0,111.0,0.7875,0.5467,0.7937,0.5282
576.0,3000.0,111.0,0.7889,0.5417,0.7844,0.556
577.0,3000.0,110.0,0.7904,0.5375,0.7874,0.5539
578.0,3000.0,113.0,0.7891,0.5415,0.789,0.5441
579.0,3000.0,112.0,0.787,0.5477,0.79,0.5438
580.0,3000.0,112.0,0.7917,0.5338,0.7899,0.5429
581.0,3000.0,109.0,0.7883,0.5445,0.7903,0.5362
582.0,3000.0,111.0,0.7912,0.5357,0.7963,0.5204
583.0,3000.0,110.0,0.7905,0.5371,0.7975,0.5206
584.0,3000.0,110.0,0.7904,0.5373,0.7925,0.5371
585.0,3000.0,110.0,0.7869,0.5487,0.7929,0.5363
586.0,3000.0,110.0,0.7938,0.5274,0.7962,0.5252
587.0,3000.0,111.0,0.7927,0.5317,0.7684,0.5954
588.0,3000.0,111.0,0.7908,0.5372,0.7954,0.5317
589.0,3000.0,111.0,0.7941,0.5278,0.7921,0.5309
590.0,3000.0,109.0,0.7893,0.5401,0.7898,0.5441
591.0,3000.0,110.0,0.792,0.5331,0.7856,0.5534
592.0,3000.0,112.0,0.7909,0.5365,0.7963,0.5202
593.0,3000.0,112.0,0.7909,0.5364,0.7919,0.5394
594.0,3000.0,110.0,0.7927,0.5307,0.7887,0.5475
595.0,3000.0,114.0,0.7929,0.5311,0.795,0.526
596.0,3000.0,110.0,0.7866,0.5485,0.7985,0.5192
597.0,3000.0,110.0,0.7903,0.5372,0.7938,0.5315
598.0,3000.0,110.0,0.7883,0.5437,0.7861,0.5462
599.0,3000.0,110.0,0.7911,0.5358,0.7957,0.5212
600.0,3000.0,111.0,0.7952,0.5236,0.7922,0.5352
601.0,3000.0,112.0,0.7896,0.541,0.7887,0.5439
602.0,3000.0,111.0,0.795,0.5238,0.7895,0.54
603.0,3000.0,110.0,0.7922,0.532,0.7934,0.5309
604.0,3000.0,111.0,0.7942,0.5272,0.7901,0.5395
605.0,3000.0,110.0,0.7922,0.5336,0.7948,0.5274
606.0,3000.0,111.0,0.7882,0.5432,0.7974,0.5163
607.0,3000.0,111.0,0.7955,0.523,0.7884,0.5361
608.0,3000.0,110.0,0.7942,0.5261,0.7929,0.5336
609.0,3000.0,111.0,0.7929,0.5303,0.7889,0.5406
610.0,3000.0,111.0,0.7904,0.5367,0.7934,0.5409
611.0,3000.0,110.0,0.7914,0.5341,0.793,0.5308
612.0,3000.0,110.0,0.7952,0.5242,0.7954,0.5295
613.0,3000.0,110.0,0.791,0.5358,0.7968,0.5208
614.0,3000.0,110.0,0.792,0.5328,0.7903,0.5342
615.0,3000.0,110.0,0.7889,0.5417,0.7985,0.5146
616.0,3000.0,110.0,0.7932,0.53,0.7966,0.5293
617.0,3000.0,110.0,0.7877,0.5456,0.7909,0.5389
618.0,3000.0,111.0,0.7939,0.5272,0.7896,0.5393
619.0,3000.0,111.0,0.7924,0.5319,0.7942,0.5299
620.0,3000.0,110.0,0.7926,0.5317,0.7836,0.5519
621.0,3000.0,111.0,0.7889,0.5421,0.786,0.5538
622.0,3000.0,110.0,0.7905,0.538,0.7723,0.5824
623.0,3000.0,110.0,0.794,0.5274,0.7874,0.5444
624.0,3000.0,111.0,0.7915,0.5339,0.7766,0.5723
625.0,3000.0,111.0,0.7937,0.5277,0.7924,0.5314
626.0,3000.0,110.0,0.7939,0.5261,0.7874,0.5495
627.0,3000.0,112.0,0.7917,0.5349,0.792,0.5366
628.0,3000.0,111.0,0.7913,0.5353,0.7952,0.5208
629.0,3000.0,110.0,0.7943,0.5259,0.7996,0.5149
630.0,3000.0,111.0,0.7924,0.5324,0.7929,0.53
631.0,3000.0,111.0,0.7908,0.5369,0.7962,0.5234
632.0,3000.0,115.0,0.7911,0.5351,0.7591,0.6269
633.0,3000.0,110.0,0.79,0.5392,0.7917,0.5337
634.0,3000.0,111.0,0.797,0.5178,0.7933,0.5284
635.0,3000.0,110.0,0.7968,0.5193,0.7926,0.53
636.0,3000.0,111.0,0.7948,0.5251,0.7961,0.5246
637.0,3000.0,111.0,0.7906,0.5365,0.7896,0.5419
638.0,3000.0,125.0,0.7921,0.5325,0.7897,0.5401
639.0,3000.0,114.0,0.7932,0.5292,0.7896,0.5284
640.0,3000.0,117.0,0.7952,0.5225,0.7876,0.5478
641.0,3000.0,115.0,0.7927,0.5303,0.7901,0.5392
642.0,3000.0,127.0,0.7959,0.5211,0.79,0.5429
643.0,3000.0,113.0,0.7888,0.5421,0.7972,0.5245
644.0,3000.0,113.0,0.7916,0.5348,0.7988,0.5144
645.0,3000.0,115.0,0.7939,0.5275,0.7851,0.5545
646.0,3000.0,113.0,0.7903,0.5376,0.7943,0.5286
647.0,3000.0,112.0,0.7897,0.5395,0.7995,0.524
648.0,3000.0,113.0,0.7951,0.5236,0.7894,0.5418
649.0,3000.0,112.0,0.7918,0.5327,0.7952,0.5249
650.0,3000.0,112.0,0.7921,0.5324,0.7998,0.5088
651.0,3000.0,113.0,0.7959,0.5217,0.7872,0.5444
652.0,3000.0,112.0,0.7891,0.541,0.7902,0.5373
653.0,3000.0,114.0,0.7972,0.5178,0.7996,0.523
654.0,3000.0,112.0,0.798,0.5152,0.7993,0.5104
655.0,3000.0,112.0,0.79,0.5384,0.7975,0.5202
656.0,3000.0,110.0,0.7945,0.5265,0.7958,0.517
657.0,3000.0,111.0,0.7923,0.5318,0.7961,0.5198
658.0,3000.0,111.0,0.793,0.5298,0.7929,0.5316
659.0,3000.0,110.0,0.795,0.5237,0.7929,0.529
660.0,3000.0,115.0,0.7955,0.5229,0.8004,0.5102
661.0,3000.0,119.0,0.7923,0.5321,0.7984,0.5118
662.0,3000.0,113.0,0.7968,0.5182,0.7931,0.527
663.0,3000.0,112.0,0.7953,0.5231,0.7972,0.5232
664.0,3000.0,113.0,0.7999,0.5093,0.7897,0.5425
665.0,3000.0,113.0,0.7929,0.5296,0.7962,0.5251
666.0,3000.0,112.0,0.7941,0.527,0.7961,0.5226
667.0,3000.0,111.0,0.791,0.5353,0.7938,0.5286
668.0,3000.0,112.0,0.794,0.5265,0.7988,0.5202
669.0,3000.0,112.0,0.7955,0.5226,0.7936,0.5308
670.0,3000.0,111.0,0.7908,0.5361,0.7852,0.5555
671.0,3000.0,112.0,0.7956,0.5227,0.7901,0.535
672.0,3000.0,112.0,0.7895,0.5405,0.7958,0.5245
673.0,3000.0,112.0,0.794,0.5268,0.7982,0.5179
674.0,3000.0,113.0,0.791,0.5355,0.7873,0.553
675.0,3000.0,112.0,0.7928,0.5296,0.7912,0.5468
676.0,3000.0,117.0,0.7948,0.5252,0.7915,0.5396
677.0,3000.0,112.0,0.7955,0.5223,0.7946,0.5301
678.0,3000.0,113.0,0.793,0.5292,0.8008,0.5065
679.0,3000.0,110.0,0.7946,0.525,0.7954,0.5325
680.0,3000.0,110.0,0.7936,0.5287,0.7961,0.5203
681.0,3000.0,109.0,0.7946,0.5252,0.7954,0.5242
682.0,3000.0,110.0,0.7937,0.5277,0.7852,0.5562
683.0,3000.0,109.0,0.7939,0.5274,0.7951,0.5284
684.0,3000.0,109.0,0.7966,0.5189,0.7988,0.513
685.0,3000.0,111.0,0.7923,0.5313,0.7914,0.5454
686.0,3000.0,110.0,0.7988,0.5121,0.781,0.5585
687.0,3000.0,111.0,0.7923,0.5318,0.7972,0.5094
688.0,3000.0,109.0,0.7925,0.5315,0.7932,0.5329
689.0,3000.0,111.0,0.7913,0.5345,0.7916,0.5305
690.0,3000.0,109.0,0.7935,0.5273,0.7907,0.5361
691.0,3000.0,110.0,0.7931,0.5294,0.7947,0.5258
692.0,3000.0,112.0,0.7961,0.5201,0.7864,0.5441
693.0,3000.0,110.0,0.7961,0.5217,0.7989,0.5161
694.0,3000.0,111.0,0.7955,0.5224,0.7959,0.5229
695.0,3000.0,110.0,0.7959,0.5207,0.7937,0.5296
696.0,3000.0,110.0,0.7951,0.523,0.7976,0.5168
697.0,3000.0,111.0,0.7933,0.5289,0.8027,0.4989
698.0,3000.0,111.0,0.7934,0.5294,0.7934,0.5269
699.0,3000.0,110.0,0.7948,0.5252,0.7961,0.5243
700.0,3000.0,110.0,0.7971,0.5175,0.7886,0.54
701.0,3000.0,110.0,0.7911,0.5347,0.7933,0.5264
702.0,3000.0,111.0,0.7927,0.5303,0.8049,0.4978
703.0,3000.0,111.0,0.7954,0.5218,0.8003,0.5109
704.0,3000.0,111.0,0.7954,0.5231,0.7981,0.515
705.0,3000.0,112.0,0.7942,0.527,0.7956,0.5256
706.0,3000.0,111.0,0.7942,0.5263,0.7994,0.5125
707.0,3000.0,111.0,0.7942,0.5262,0.7981,0.5142
708.0,3000.0,110.0,0.7946,0.5242,0.784,0.5647
709.0,3000.0,110.0,0.7897,0.5398,0.7943,0.5283
710.0,3000.0,110.0,0.7957,0.5211,0.7921,0.5324
711.0,3000.0,110.0,0.7984,0.514,0.7941,0.5206
712.0,3000.0,114.0,0.7964,0.52,0.7925,0.5337
713.0,3000.0,110.0,0.7935,0.5277,0.8013,0.5108
714.0,3000.0,109.0,0.7907,0.5368,0.7803,0.5628
715.0,3000.0,110.0,0.7913,0.5352,0.7932,0.5296
716.0,3000.0,110.0,0.8001,0.508,0.7984,0.519
717.0,3000.0,111.0,0.7975,0.5165,0.802,0.5091
718.0,3000.0,110.0,0.7989,0.5125,0.7957,0.5231
719.0,3000.0,110.0,0.7962,0.5197,0.7941,0.528
720.0,3000.0,110.0,0.792,0.5319,0.7947,0.5258
721.0,3000.0,111.0,0.7986,0.5127,0.8016,0.5041
722.0,3000.0,110.0,0.7904,0.5373,0.7905,0.5377
723.0,3000.0,110.0,0.7925,0.5329,0.7949,0.5207
724.0,3000.0,110.0,0.7974,0.5172,0.7889,0.5403
725.0,3000.0,112.0,0.7945,0.5255,0.7994,0.5086
726.0,3000.0,111.0,0.795,0.5238,0.7923,0.5294
727.0,3000.0,112.0,0.7945,0.5267,0.7926,0.5269
728.0,3000.0,111.0,0.7979,0.5152,0.8014,0.5062
729.0,3000.0,110.0,0.7961,0.5206,0.7939,0.5309
730.0,3000.0,111.0,0.7972,0.5171,0.7971,0.5233
731.0,3000.0,110.0,0.7972,0.5173,0.7939,0.5217
732.0,3000.0,111.0,0.7975,0.5156,0.7939,0.5247
733.0,3000.0,110.0,0.7974,0.5173,0.7922,0.5373
734.0,3000.0,109.0,0.7956,0.5215,0.7956,0.5216
735.0,3000.0,112.0,0.7964,0.5195,0.7993,0.503
736.0,3000.0,111.0,0.797,0.5182,0.8043,0.4965
737.0,3000.0,111.0,0.7984,0.5132,0.7956,0.5233
738.0,3000.0,112.0,0.7984,0.5142,0.8036,0.5033
739.0,3000.0,111.0,0.794,0.5269,0.7994,0.5117
740.0,3000.0,111.0,0.7926,0.5307,0.8047,0.5046
741.0,3000.0,110.0,0.7935,0.5273,0.8036,0.5003
742.0,3000.0,111.0,0.7971,0.5174,0.7898,0.5404
743.0,3000.0,110.0,0.7968,0.5188,0.7962,0.5213
744.0,3000.0,111.0,0.7983,0.514,0.794,0.5261
745.0,3000.0,111.0,0.7966,0.5184,0.7939,0.528
746.0,3000.0,112.0,0.8026,0.501,0.79,0.544
747.0,3000.0,112.0,0.7971,0.5174,0.7929,0.5297
748.0,3000.0,109.0,0.7939,0.5271,0.7914,0.5387
749.0,3000.0,112.0,0.7955,0.5228,0.7898,0.5376
750.0,3000.0,110.0,0.7947,0.5246,0.8012,0.5066
751.0,3000.0,109.0,0.7935,0.5281,0.7975,0.5206
752.0,3000.0,110.0,0.7961,0.5205,0.7886,0.5365
753.0,3000.0,111.0,0.7954,0.5231,0.8035,0.4969
754.0,3000.0,110.0,0.8005,0.5072,0.7953,0.5239
755.0,3000.0,115.0,0.7993,0.5114,0.8014,0.5098
756.0,3000.0,111.0,0.7945,0.5259,0.7986,0.5217
757.0,3000.0,110.0,0.7973,0.5172,0.8042,0.5007
758.0,3000.0,110.0,0.7926,0.5295,0.7979,0.5185
759.0,3000.0,112.0,0.7997,0.5105,0.7999,0.5081
760.0,3000.0,109.0,0.796,0.5203,0.794,0.5256
761.0,3000.0,110.0,0.7975,0.5167,0.7957,0.5259
762.0,3000.0,111.0,0.7953,0.5233,0.8021,0.508
763.0,3000.0,111.0,0.7949,0.5249,0.8025,0.5031
764.0,3000.0,112.0,0.7982,0.5143,0.7988,0.5145
765.0,3000.0,110.0,0.7977,0.5162,0.7927,0.5393
766.0,3000.0,110.0,0.7967,0.5196,0.7978,0.5139
767.0,3000.0,110.0,0.7938,0.5271,0.7999,0.5118
768.0,3000.0,109.0,0.7982,0.5143,0.799,0.5086
769.0,3000.0,112.0,0.7959,0.5204,0.7991,0.5153
770.0,3000.0,110.0,0.7975,0.5162,0.7905,0.5416
771.0,3000.0,113.0,0.7964,0.5197,0.7963,0.5245
772.0,3000.0,111.0,0.7983,0.5134,0.7907,0.541
773.0,3000.0,110.0,0.7971,0.5184,0.7995,0.5196
774.0,3000.0,110.0,0.8001,0.509,0.8011,0.5069
775.0,3000.0,110.0,0.7964,0.5198,0.7961,0.528
776.0,3000.0,110.0,0.8007,0.5067,0.8,0.5099
777.0,3000.0,113.0,0.7984,0.5135,0.7896,0.5441
778.0,3000.0,111.0,0.7997,0.5097,0.7866,0.554
779.0,3000.0,111.0,0.7995,0.5104,0.787,0.5481
780.0,3000.0,110.0,0.7993,0.5114,0.7906,0.5332
781.0,3000.0,110.0,0.7964,0.5192,0.7976,0.5169
782.0,3000.0,111.0,0.7949,0.5234,0.7924,0.5333
783.0,3000.0,112.0,0.7975,0.5166,0.7959,0.5251
784.0,3000.0,110.0,0.7982,0.5146,0.8029,0.5025
785.0,3000.0,110.0,0.7968,0.5182,0.7932,0.5322
786.0,3000.0,112.0,0.797,0.5181,0.7974,0.5194
787.0,3000.0,110.0,0.7976,0.5158,0.7896,0.5387
788.0,3000.0,111.0,0.7961,0.5196,0.7961,0.5226
789.0,3000.0,111.0,0.7959,0.5212,0.8002,0.514
790.0,3000.0,111.0,0.8001,0.5086,0.7991,0.5144
791.0,3000.0,110.0,0.7996,0.51,0.7928,0.5307
792.0,3000.0,115.0,0.7956,0.5212,0.7976,0.5139
793.0,3000.0,110.0,0.7941,0.527,0.8068,0.4934
794.0,3000.0,110.0,0.8014,0.5048,0.8046,0.496
795.0,3000.0,110.0,0.7977,0.5162,0.7866,0.5495
796.0,3000.0,110.0,0.7978,0.5151,0.7971,0.5135
797.0,3000.0,112.0,0.7987,0.5118,0.7808,0.5674
798.0,3000.0,111.0,0.7983,0.5139,0.786,0.5499
799.0,3000.0,109.0,0.7934,0.5279,0.7965,0.5291
800.0,3000.0,110.0,0.7967,0.5189,0.8022,0.5117
801.0,3000.0,112.0,0.7985,0.5127,0.8026,0.5066
802.0,3000.0,112.0,0.7997,0.5097,0.7998,0.5135
803.0,3000.0,110.0,0.7966,0.5185,0.802,0.5117
804.0,3000.0,112.0,0.7967,0.5181,0.7944,0.5256
805.0,3000.0,112.0,0.7949,0.5247,0.8001,0.5109
806.0,3000.0,110.0,0.7984,0.5139,0.7985,0.5127
807.0,3000.0,111.0,0.8004,0.5072,0.7992,0.5152
808.0,3000.0,113.0,0.8004,0.5083,0.7923,0.5352
809.0,3000.0,110.0,0.797,0.5175,0.8008,0.5148
810.0,3000.0,110.0,0.7988,0.5116,0.8021,0.5058
811.0,3000.0,110.0,0.798,0.5146,0.8007,0.5115
812.0,3000.0,112.0,0.8027,0.5,0.7876,0.5399
813.0,3000.0,111.0,0.7963,0.5204,0.8047,0.4924
814.0,3000.0,110.0,0.7963,0.52,0.795,0.526
815.0,3000.0,110.0,0.8008,0.5063,0.7927,0.5314
816.0,3000.0,110.0,0.7948,0.5243,0.7998,0.5132
817.0,3000.0,110.0,0.7967,0.5187,0.7948,0.5312
818.0,3000.0,110.0,0.7963,0.519,0.7999,0.5153
819.0,3000.0,109.0,0.7989,0.5121,0.7983,0.5129
820.0,3000.0,110.0,0.8005,0.5062,0.7987,0.5208
821.0,3000.0,110.0,0.7934,0.5283,0.7968,0.5178
822.0,3000.0,110.0,0.8003,0.5086,0.7775,0.564
823.0,3000.0,110.0,0.7949,0.5242,0.7947,0.5186
824.0,3000.0,110.0,0.7964,0.5196,0.7985,0.5144
825.0,3000.0,111.0,0.7986,0.5121,0.8003,0.5112
826.0,3000.0,112.0,0.8002,0.5081,0.7927,0.534
827.0,3000.0,110.0,0.8003,0.5081,0.7898,0.543
828.0,3000.0,110.0,0.7984,0.5132,0.7996,0.511
829.0,3000.0,111.0,0.8002,0.5089,0.7897,0.5353
830.0,3000.0,110.0,0.7954,0.5225,0.8007,0.5147
831.0,3000.0,116.0,0.7954,0.5225,0.8059,0.4915
832.0,3000.0,112.0,0.794,0.5262,0.7995,0.5176
833.0,3000.0,110.0,0.7948,0.524,0.7941,0.5256
834.0,3000.0,112.0,0.7979,0.5153,0.805,0.5029
835.0,3000.0,110.0,0.7993,0.5106,0.7943,0.5326
836.0,3000.0,116.0,0.8014,0.5047,0.7958,0.5231
837.0,3000.0,111.0,0.7999,0.5093,0.7985,0.5212
838.0,3000.0,110.0,0.7999,0.5098,0.7954,0.525
839.0,3000.0,112.0,0.7955,0.5218,0.8005,0.5112
840.0,3000.0,110.0,0.7998,0.5092,0.7979,0.5163
841.0,3000.0,109.0,0.7957,0.5217,0.8044,0.503
842.0,3000.0,110.0,0.7994,0.5114,0.7984,0.5106
843.0,3000.0,111.0,0.8014,0.5046,0.7969,0.5225
844.0,3000.0,111.0,0.798,0.5142,0.8016,0.5033
845.0,3000.0,111.0,0.7942,0.5263,0.7974,0.5165
846.0,3000.0,111.0,0.7983,0.5137,0.7974,0.5211
847.0,3000.0,111.0,0.8025,0.5018,0.8005,0.5101
848.0,3000.0,110.0,0.8023,0.5014,0.8034,0.5064
849.0,3000.0,110.0,0.797,0.5178,0.7996,0.5138
850.0,3000.0,111.0,0.7965,0.5194,0.785,0.5611
851.0,3000.0,111.0,0.7981,0.5144,0.8086,0.4879
852.0,3000.0,110.0,0.7993,0.5112,0.7942,0.5335
853.0,3000.0,110.0,0.8006,0.5074,0.803,0.5064
854.0,3000.0,110.0,0.8,0.5088,0.7992,0.5101
855.0,3000.0,110.0,0.8038,0.4971,0.794,0.5336
856.0,3000.0,110.0,0.7958,0.5204,0.7999,0.5135
857.0,3000.0,111.0,0.8026,0.5014,0.8004,0.5175
858.0,3000.0,110.0,0.7948,0.5247,0.8057,0.4939
859.0,3000.0,112.0,0.801,0.5063,0.7993,0.5162
860.0,3000.0,112.0,0.7992,0.5116,0.7979,0.5167
861.0,3000.0,111.0,0.7924,0.5313,0.8031,0.4966
862.0,3000.0,110.0,0.7973,0.5166,0.8014,0.5056
863.0,3000.0,112.0,0.7967,0.5183,0.8089,0.4856
864.0,3000.0,110.0,0.7997,0.5094,0.8038,0.5006
865.0,3000.0,110.0,0.7972,0.5169,0.7993,0.5165
866.0,3000.0,111.0,0.7984,0.5137,0.8012,0.5077
867.0,3000.0,111.0,0.7998,0.5098,0.8026,0.5046
868.0,3000.0,110.0,0.7978,0.5162,0.7945,0.5223
869.0,3000.0,111.0,0.799,0.5122,0.7968,0.5196
870.0,3000.0,110.0,0.7973,0.5167,0.7985,0.5146
871.0,3000.0,110.0,0.8009,0.5058,0.8007,0.5101
872.0,3000.0,115.0,0.7985,0.5128,0.8025,0.5055
873.0,3000.0,111.0,0.7973,0.5172,0.8059,0.498
874.0,3000.0,110.0,0.8021,0.5035,0.7828,0.565
875.0,3000.0,110.0,0.8009,0.5065,0.7992,0.5137
876.0,3000.0,110.0,0.7969,0.5178,0.7987,0.5139
877.0,3000.0,111.0,0.7985,0.5127,0.7969,0.515
878.0,3000.0,110.0,0.7982,0.5136,0.7979,0.514
879.0,3000.0,111.0,0.8005,0.507,0.7973,0.52
880.0,3000.0,111.0,0.7975,0.5161,0.7906,0.5353
881.0,3000.0,110.0,0.7993,0.5116,0.8014,0.5094
882.0,3000.0,112.0,0.8,0.5082,0.7996,0.5204
883.0,3000.0,110.0,0.7988,0.5115,0.7881,0.5376
884.0,3000.0,110.0,0.7984,0.5134,0.7988,0.5197
885.0,3000.0,110.0,0.7998,0.5091,0.8006,0.505
886.0,3000.0,110.0,0.801,0.5049,0.8019,0.5055
887.0,3000.0,111.0,0.802,0.5026,0.7944,0.5303
888.0,3000.0,110.0,0.7998,0.5095,0.7962,0.5138
889.0,3000.0,112.0,0.7985,0.5137,0.8008,0.5058
890.0,3000.0,112.0,0.8001,0.5093,0.7975,0.5177
891.0,3000.0,110.0,0.8026,0.5012,0.7957,0.5119
892.0,3000.0,109.0,0.7985,0.5128,0.788,0.5422
893.0,3000.0,111.0,0.7984,0.5135,0.8016,0.5066
894.0,3000.0,111.0,0.7993,0.5104,0.8013,0.5091
895.0,3000.0,111.0,0.7968,0.5186,0.8086,0.4861
896.0,3000.0,111.0,0.7991,0.5106,0.7935,0.5294
897.0,3000.0,110.0,0.7967,0.5183,0.795,0.5228
898.0,3000.0,110.0,0.8025,0.5017,0.8022,0.5079
899.0,3000.0,112.0,0.7991,0.5121,0.7992,0.5127
900.0,3000.0,110.0,0.7978,0.5158,0.7987,0.5131
901.0,3000.0,112.0,0.7999,0.5107,0.8041,0.4955
902.0,3000.0,110.0,0.7972,0.5174,0.806,0.4935
903.0,3000.0,110.0,0.8024,0.5018,0.7958,0.5204
904.0,3000.0,111.0,0.8024,0.5014,0.8059,0.4914
905.0,3000.0,111.0,0.8019,0.5041,0.7984,0.5144
906.0,3000.0,109.0,0.8007,0.5068,0.7982,0.5118
907.0,3000.0,110.0,0.8019,0.5023,0.7972,0.5177
908.0,3000.0,112.0,0.7986,0.5126,0.7976,0.5189
909.0,3000.0,110.0,0.7998,0.5093,0.7993,0.5101
910.0,3000.0,111.0,0.7979,0.5145,0.798,0.5234
911.0,3000.0,110.0,0.8015,0.5032,0.8032,0.5052
912.0,3000.0,111.0,0.8031,0.4997,0.7997,0.5098
913.0,3000.0,110.0,0.8027,0.5002,0.8038,0.5032
914.0,3000.0,110.0,0.8003,0.5084,0.8067,0.4901
915.0,3000.0,116.0,0.7981,0.5137,0.8018,0.5095
916.0,3000.0,110.0,0.8004,0.5079,0.7817,0.5575
917.0,3000.0,111.0,0.7993,0.5108,0.7977,0.5244
918.0,3000.0,111.0,0.804,0.4961,0.7998,0.5129
919.0,3000.0,111.0,0.8024,0.5012,0.8016,0.5098
920.0,3000.0,110.0,0.8006,0.5066,0.8086,0.4846
921.0,3000.0,110.0,0.7998,0.5096,0.7971,0.5152
922.0,3000.0,109.0,0.8021,0.5033,0.7955,0.5284
923.0,3000.0,111.0,0.7988,0.5126,0.7996,0.5142
924.0,3000.0,111.0,0.8013,0.5045,0.7978,0.5131
925.0,3000.0,110.0,0.8,0.5095,0.7985,0.5133
926.0,3000.0,112.0,0.7983,0.5135,0.8017,0.5054
927.0,3000.0,110.0,0.8015,0.5055,0.8052,0.5019
928.0,3000.0,111.0,0.8049,0.4952,0.7986,0.5185
929.0,3000.0,111.0,0.8012,0.505,0.8001,0.5122
930.0,3000.0,111.0,0.7996,0.5083,0.8005,0.5076
931.0,3000.0,110.0,0.8031,0.4997,0.7956,0.5221
932.0,3000.0,110.0,0.8015,0.5044,0.8026,0.5038
933.0,3000.0,111.0,0.8009,0.5062,0.8016,0.4991
934.0,3000.0,111.0,0.7986,0.5128,0.8029,0.4997
935.0,3000.0,110.0,0.797,0.5168,0.8031,0.4994
936.0,3000.0,110.0,0.8021,0.5034,0.8042,0.5031
937.0,3000.0,110.0,0.8035,0.4975,0.7953,0.5188
938.0,3000.0,112.0,0.8014,0.5046,0.7996,0.514
939.0,3000.0,111.0,0.8042,0.4966,0.8052,0.4959
940.0,3000.0,111.0,0.7982,0.5137,0.8004,0.5089
941.0,3000.0,109.0,0.8007,0.5066,0.7974,0.5163
942.0,3000.0,110.0,0.8021,0.5028,0.8053,0.4903
943.0,3000.0,111.0,0.8035,0.4978,0.8035,0.5025
944.0,3000.0,111.0,0.7976,0.515,0.7949,0.5244
945.0,3000.0,110.0,0.8012,0.5048,0.804,0.4988
946.0,3000.0,110.0,0.7996,0.5097,0.8016,0.5088
947.0,3000.0,111.0,0.8057,0.4923,0.8006,0.5085
948.0,3000.0,111.0,0.7988,0.5121,0.8032,0.5029
949.0,3000.0,110.0,0.8003,0.5074,0.8014,0.509
950.0,3000.0,112.0,0.8015,0.5051,0.7918,0.5428
951.0,3000.0,110.0,0.8008,0.506,0.8041,0.5004
952.0,3000.0,116.0,0.8025,0.5017,0.7958,0.5221
953.0,3000.0,111.0,0.8056,0.4924,0.801,0.5069
954.0,3000.0,110.0,0.8015,0.5044,0.7931,0.5252
955.0,3000.0,109.0,0.8,0.5091,0.8067,0.4982
956.0,3000.0,111.0,0.7977,0.5156,0.8035,0.4986
957.0,3000.0,110.0,0.8011,0.505,0.8027,0.4975
958.0,3000.0,110.0,0.7999,0.5078,0.8019,0.509
959.0,3000.0,111.0,0.8014,0.504,0.8057,0.4991
960.0,3000.0,110.0,0.8017,0.5035,0.8029,0.5059
961.0,3000.0,110.0,0.8051,0.4934,0.7996,0.512
962.0,3000.0,110.0,0.7999,0.5092,0.7955,0.5306
963.0,3000.0,110.0,0.7991,0.5105,0.7988,0.5157
964.0,3000.0,111.0,0.8032,0.499,0.7976,0.5304
965.0,3000.0,110.0,0.8025,0.5019,0.7972,0.516
966.0,3000.0,110.0,0.8016,0.5041,0.8048,0.4973
967.0,3000.0,111.0,0.7995,0.51,0.8018,0.5088
968.0,3000.0,110.0,0.8017,0.5035,0.8028,0.5022
969.0,3000.0,110.0,0.8022,0.5023,0.808,0.4916
970.0,3000.0,111.0,0.802,0.5031,0.8021,0.503
971.0,3000.0,110.0,0.8025,0.5008,0.8019,0.5075
972.0,3000.0,109.0,0.7994,0.5104,0.8017,0.512
973.0,3000.0,110.0,0.8069,0.4878,0.8056,0.492
974.0,3000.0,113.0,0.8054,0.4935,0.7983,0.515
975.0,3000.0,111.0,0.8009,0.5063,0.7996,0.5044
976.0,3000.0,110.0,0.7998,0.5098,0.8014,0.5072
977.0,3000.0,110.0,0.8034,0.4981,0.8059,0.494
978.0,3000.0,110.0,0.797,0.5183,0.7979,0.5126
979.0,3000.0,110.0,0.8051,0.4928,0.8025,0.4996
980.0,3000.0,110.0,0.7982,0.5133,0.8035,0.5031
981.0,3000.0,110.0,0.8032,0.4996,0.81,0.4761
982.0,3000.0,110.0,0.8005,0.5073,0.7989,0.5178
983.0,3000.0,110.0,0.8013,0.5054,0.7925,0.5291
984.0,3000.0,111.0,0.8019,0.5035,0.8018,0.5059
985.0,3000.0,112.0,0.8046,0.4953,0.7993,0.5082
986.0,3000.0,111.0,0.8005,0.5073,0.805,0.4941
987.0,3000.0,111.0,0.7981,0.5142,0.8002,0.5086
988.0,3000.0,112.0,0.7958,0.5204,0.8081,0.4904
989.0,3000.0,113.0,0.801,0.5059,0.8086,0.4914
990.0,3000.0,111.0,0.798,0.5149,0.8009,0.507
991.0,3000.0,112.0,0.7979,0.5143,0.8069,0.4976
992.0,3000.0,112.0,0.8037,0.4978,0.8019,0.5061
993.0,3000.0,110.0,0.8031,0.4995,0.7975,0.5119
994.0,3000.0,112.0,0.8062,0.4903,0.8026,0.4947
995.0,3000.0,111.0,0.8023,0.5021,0.8049,0.496
996.0,3000.0,115.0,0.8004,0.5067,0.7958,0.5166
997.0,3000.0,110.0,0.7965,0.5198,0.7945,0.5222
998.0,3000.0,110.0,0.8026,0.5009,0.7952,0.5264
999.0,3000.0,110.0,0.7973,0.516,0.7979,0.5154
1000.0,3000.0,112.0,0.8031,0.4991,0.8017,0.5067
1001.0,3000.0,110.0,0.8015,0.5041,0.8039,0.5048
1002.0,3000.0,111.0,0.8016,0.5037,0.8042,0.5041
1003.0,3000.0,111.0,0.8014,0.5041,0.8007,0.5088
1004.0,3000.0,110.0,0.8052,0.4938,0.8052,0.4922
1005.0,3000.0,110.0,0.7994,0.5101,0.8058,0.4996
1006.0,3000.0,110.0,0.8028,0.5004,0.8009,0.5116
1007.0,3000.0,111.0,0.8071,0.487,0.8059,0.4973
1008.0,3000.0,110.0,0.8007,0.5063,0.8044,0.4985
1009.0,3000.0,112.0,0.799,0.5122,0.7995,0.5129
1010.0,3000.0,110.0,0.8027,0.5004,0.802,0.5078
1011.0,3000.0,112.0,0.8015,0.505,0.7962,0.5165
1012.0,3000.0,112.0,0.7985,0.5142,0.8,0.5094
1013.0,3000.0,111.0,0.8017,0.5039,0.804,0.5003
1014.0,3000.0,110.0,0.8042,0.4957,0.7986,0.5102
1015.0,3000.0,110.0,0.803,0.4995,0.8032,0.4992
1016.0,3000.0,111.0,0.8006,0.5066,0.7983,0.5124
1017.0,3000.0,112.0,0.7998,0.5088,0.8019,0.4961
1018.0,3000.0,111.0,0.8012,0.5046,0.8,0.5073
1019.0,3000.0,111.0,0.8052,0.4935,0.8077,0.4921
1020.0,3000.0,111.0,0.7988,0.5118,0.8048,0.4946
1021.0,3000.0,110.0,0.8019,0.5027,0.8016,0.5028
1022.0,3000.0,111.0,0.8024,0.5009,0.8028,0.4994
1023.0,3000.0,111.0,0.8025,0.5012,0.7976,0.5115
1024.0,3000.0,115.0,0.8008,0.5071,0.7896,0.5407
1025.0,3000.0,111.0,0.8065,0.4893,0.8072,0.4958
1026.0,3000.0,110.0,0.8049,0.4933,0.8048,0.501
1027.0,3000.0,111.0,0.8064,0.4893,0.8099,0.4839
1028.0,3000.0,111.0,0.8036,0.4974,0.803,0.5039
1029.0,3000.0,110.0,0.8015,0.5044,0.8034,0.5
1030.0,3000.0,110.0,0.7999,0.5084,0.8067,0.4903
1031.0,3000.0,111.0,0.8038,0.4961,0.8073,0.4869
1032.0,3000.0,118.0,0.8028,0.5004,0.8078,0.4867
1033.0,3000.0,111.0,0.7991,0.5114,0.801,0.501
1034.0,3000.0,111.0,0.8023,0.5014,0.79,0.5346
1035.0,3000.0,110.0,0.8025,0.5014,0.8011,0.5049
1036.0,3000.0,110.0,0.8004,0.5074,0.8065,0.4926
1037.0,3000.0,111.0,0.8018,0.5041,0.794,0.5264
1038.0,3000.0,111.0,0.8068,0.488,0.8028,0.5025
1039.0,3000.0,114.0,0.8027,0.5011,0.8067,0.486
1040.0,3000.0,111.0,0.7997,0.5088,0.8035,0.5094
1041.0,3000.0,111.0,0.7992,0.5116,0.802,0.509
1042.0,3000.0,110.0,0.797,0.5178,0.8003,0.5095
1043.0,3000.0,110.0,0.8005,0.5073,0.7995,0.5086
1044.0,3000.0,110.0,0.8044,0.4947,0.7998,0.5227
1045.0,3000.0,110.0,0.8056,0.4921,0.8084,0.4856
1046.0,3000.0,112.0,0.8015,0.504,0.803,0.501
1047.0,3000.0,111.0,0.8003,0.5076,0.8066,0.4898
1048.0,3000.0,112.0,0.8003,0.5079,0.8103,0.4802
1049.0,3000.0,112.0,0.8079,0.4844,0.8031,0.5
1050.0,3000.0,113.0,0.8055,0.4919,0.7929,0.5314
1051.0,3000.0,114.0,0.8038,0.4977,0.803,0.4993
1052.0,3000.0,111.0,0.7985,0.5133,0.7948,0.5224
1053.0,3000.0,111.0,0.8046,0.4949,0.8012,0.5091
1054.0,3000.0,112.0,0.8037,0.4975,0.7974,0.5237
1055.0,3000.0,110.0,0.7964,0.5188,0.8098,0.483
1056.0,3000.0,128.0,0.8033,0.4984,0.806,0.4914
1057.0,3000.0,155.0,0.8034,0.4988,0.8043,0.4957
1058.0,3000.0,154.0,0.8046,0.4942,0.8058,0.5007
1059.0,3000.0,138.0,0.8001,0.5083,0.799,0.518
1060.0,3000.0,130.0,0.8054,0.4923,0.8037,0.5057
1061.0,3000.0,131.0,0.8045,0.4949,0.785,0.5529
1062.0,3000.0,154.0,0.8004,0.5071,0.7964,0.5288
1063.0,3000.0,151.0,0.8046,0.496,0.809,0.4862
1064.0,3000.0,157.0,0.801,0.5054,0.803,0.5027
1065.0,3000.0,162.0,0.8025,0.5015,0.8059,0.4957
1066.0,3000.0,159.0,0.8068,0.4883,0.8011,0.5082
1067.0,3000.0,160.0,0.804,0.4969,0.8031,0.4951
1068.0,3000.0,131.0,0.8037,0.4975,0.8057,0.4958
1069.0,3000.0,122.0,0.8004,0.5071,0.7993,0.5057
1070.0,3000.0,119.0,0.8031,0.5007,0.806,0.4989
1071.0,3000.0,130.0,0.8046,0.4953,0.798,0.5173
1072.0,3000.0,141.0,0.8001,0.509,0.7954,0.5167
1073.0,3000.0,136.0,0.8029,0.4999,0.8039,0.5003
1074.0,3000.0,147.0,0.8006,0.507,0.8022,0.4999
1075.0,3000.0,146.0,0.8004,0.5072,0.8023,0.5064
1076.0,3000.0,136.0,0.8015,0.5037,0.8057,0.4963
1077.0,3000.0,132.0,0.8007,0.507,0.803,0.5005
1078.0,3000.0,128.0,0.8012,0.5053,0.8125,0.476
1079.0,3000.0,125.0,0.8005,0.5069,0.8058,0.4934
1080.0,3000.0,122.0,0.8071,0.4877,0.8032,0.4965
1081.0,3000.0,121.0,0.802,0.5025,0.799,0.5141
1082.0,3000.0,123.0,0.8039,0.497,0.802,0.5051
1083.0,3000.0,125.0,0.8066,0.4896,0.8036,0.5056
1084.0,3000.0,124.0,0.8057,0.4914,0.8064,0.4872
1085.0,3000.0,122.0,0.8035,0.4974,0.8043,0.5036
1086.0,3000.0,123.0,0.8029,0.5002,0.808,0.4892
1087.0,3000.0,125.0,0.8056,0.4926,0.8062,0.4949
1088.0,3000.0,121.0,0.8022,0.5017,0.7956,0.5149
1089.0,3000.0,131.0,0.807,0.4879,0.8046,0.4966
1090.0,3000.0,129.0,0.801,0.5055,0.8045,0.4951
1091.0,3000.0,122.0,0.8039,0.497,0.8034,0.4977
1092.0,3000.0,124.0,0.803,0.4993,0.8022,0.5119
1093.0,3000.0,129.0,0.8079,0.4842,0.7999,0.5124
1094.0,3000.0,125.0,0.8004,0.5076,0.8021,0.503
1095.0,3000.0,124.0,0.7991,0.5107,0.8001,0.5172
1096.0,3000.0,126.0,0.8,0.5084,0.8041,0.4985
1097.0,3000.0,127.0,0.8091,0.4818,0.8016,0.5058
1098.0,3000.0,126.0,0.8029,0.5002,0.804,0.5031
1099.0,3000.0,122.0,0.8013,0.5054,0.8041,0.4954
1100.0,3000.0,124.0,0.802,0.5027,0.8063,0.5011
1101.0,3000.0,123.0,0.8029,0.4998,0.8043,0.497
1102.0,3000.0,132.0,0.8043,0.4964,0.8054,0.4966
1103.0,3000.0,116.0,0.8032,0.5001,0.8074,0.4843
1104.0,3000.0,114.0,0.8053,0.4927,0.8047,0.5015
1105.0,3000.0,116.0,0.8005,0.5075,0.8063,0.4958
1106.0,3000.0,117.0,0.8022,0.5027,0.8018,0.505
1107.0,3000.0,118.0,0.8004,0.5076,0.8017,0.5081
1108.0,3000.0,115.0,0.8037,0.4975,0.8031,0.5031
1109.0,3000.0,115.0,0.8048,0.4941,0.8111,0.4772
1110.0,3000.0,116.0,0.7995,0.509,0.8065,0.4919
1111.0,3000.0,114.0,0.8031,0.4988,0.8058,0.494
1112.0,3000.0,120.0,0.8035,0.4978,0.809,0.4917
1113.0,3000.0,114.0,0.8048,0.4946,0.8035,0.5056
1114.0,3000.0,116.0,0.8018,0.5036,0.8024,0.4983
1115.0,3000.0,116.0,0.8034,0.498,0.8077,0.4851
1116.0,3000.0,115.0,0.8018,0.504,0.8046,0.5026
1117.0,3000.0,115.0,0.8028,0.5004,0.8014,0.5067
1118.0,3000.0,119.0,0.806,0.491,0.8067,0.4929
1119.0,3000.0,114.0,0.8029,0.4995,0.8019,0.5047
1120.0,3000.0,115.0,0.8066,0.4893,0.8054,0.4932
1121.0,3000.0,119.0,0.8011,0.5051,0.8061,0.4893
1122.0,3000.0,122.0,0.8018,0.5026,0.8043,0.4976
1123.0,3000.0,149.0,0.8057,0.4921,0.8084,0.4896
1124.0,3000.0,131.0,0.8026,0.5006,0.8086,0.4854
1125.0,3000.0,144.0,0.8058,0.4914,0.8014,0.5059
1126.0,3000.0,148.0,0.8112,0.4758,0.8088,0.486
1127.0,3000.0,145.0,0.8049,0.494,0.8082,0.4873
1128.0,3000.0,122.0,0.7994,0.5096,0.8049,0.5032
1129.0,3000.0,115.0,0.8033,0.499,0.808,0.4829
1130.0,3000.0,113.0,0.8013,0.505,0.8043,0.4996
1131.0,3000.0,127.0,0.8038,0.4968,0.7998,0.5106
1132.0,3000.0,125.0,0.8039,0.4976,0.8064,0.493
1133.0,3000.0,120.0,0.8033,0.4984,0.8095,0.4858
1134.0,3000.0,120.0,0.8028,0.5007,0.8029,0.4992
1135.0,3000.0,131.0,0.8083,0.4841,0.8142,0.4694
1136.0,3000.0,121.0,0.8013,0.5051,0.8075,0.4864
1137.0,3000.0,116.0,0.8016,0.5047,0.805,0.5064
1138.0,3000.0,113.0,0.7999,0.5084,0.809,0.4804
1139.0,3000.0,113.0,0.805,0.4927,0.8018,0.509
1140.0,3000.0,114.0,0.8043,0.4964,0.8088,0.4884
1141.0,3000.0,114.0,0.8035,0.4976,0.8038,0.4994
1142.0,3000.0,114.0,0.8005,0.5069,0.8008,0.5107
1143.0,3000.0,112.0,0.8065,0.4897,0.8041,0.5058
1144.0,3000.0,112.0,0.8079,0.4845,0.7931,0.5299
1145.0,3000.0,114.0,0.805,0.4936,0.8015,0.5044
1146.0,3000.0,113.0,0.805,0.4934,0.7976,0.5191
1147.0,3000.0,111.0,0.8042,0.4964,0.7964,0.5121
1148.0,3000.0,114.0,0.8053,0.4925,0.8143,0.4693
1149.0,3000.0,111.0,0.8051,0.493,0.8061,0.4937
1150.0,3000.0,113.0,0.8068,0.4891,0.8081,0.4853
1151.0,3000.0,113.0,0.804,0.4972,0.7914,0.5344
1152.0,3000.0,113.0,0.8085,0.4834,0.8036,0.5016
1153.0,3000.0,112.0,0.8031,0.499,0.7993,0.5165
1154.0,3000.0,112.0,0.8066,0.4891,0.8048,0.4973
1155.0,3000.0,111.0,0.8005,0.5076,0.803,0.505
1156.0,3000.0,120.0,0.8053,0.4923,0.8015,0.505
1157.0,3000.0,112.0,0.8052,0.4928,0.8028,0.5003
1158.0,3000.0,112.0,0.8062,0.4895,0.8031,0.5002
1159.0,3000.0,112.0,0.8018,0.5031,0.8055,0.4965
1160.0,3000.0,112.0,0.805,0.4928,0.7956,0.5203
1161.0,3000.0,112.0,0.8047,0.4945,0.8039,0.4992
1162.0,3000.0,111.0,0.8045,0.4953,0.8032,0.4972
1163.0,3000.0,112.0,0.8073,0.4867,0.8022,0.5036
1164.0,3000.0,112.0,0.81,0.4792,0.8063,0.4938
1165.0,3000.0,116.0,0.8082,0.4833,0.8077,0.4845
1166.0,3000.0,118.0,0.8069,0.488,0.8068,0.4904
1167.0,3000.0,123.0,0.8044,0.4958,0.7999,0.5103
1168.0,3000.0,128.0,0.8047,0.4945,0.8109,0.4785
1169.0,3000.0,123.0,0.8037,0.497,0.8034,0.4966
1170.0,3000.0,113.0,0.8016,0.5044,0.8053,0.4938
1171.0,3000.0,114.0,0.7989,0.5109,0.8013,0.5085
1172.0,3000.0,111.0,0.8059,0.4909,0.8056,0.4929
1173.0,3000.0,111.0,0.8021,0.5029,0.806,0.4936
1174.0,3000.0,112.0,0.801,0.5044,0.808,0.4884
1175.0,3000.0,112.0,0.8023,0.501,0.8073,0.4911
1176.0,3000.0,113.0,0.804,0.4961,0.8041,0.4951
1177.0,3000.0,115.0,0.8054,0.4925,0.7998,0.5174
1178.0,3000.0,112.0,0.8066,0.4901,0.805,0.4945
1179.0,3000.0,113.0,0.8062,0.4901,0.8095,0.4786
1180.0,3000.0,112.0,0.8044,0.4959,0.8022,0.5053
1181.0,3000.0,110.0,0.8041,0.4961,0.8072,0.488
1182.0,3000.0,112.0,0.8056,0.4916,0.8061,0.4915
1183.0,3000.0,111.0,0.8023,0.5013,0.8012,0.5042
1184.0,3000.0,111.0,0.805,0.4931,0.8073,0.4874
1185.0,3000.0,111.0,0.8022,0.5017,0.8055,0.4926
1186.0,3000.0,113.0,0.805,0.494,0.8045,0.5041
1187.0,3000.0,111.0,0.8042,0.4959,0.8092,0.4814
1188.0,3000.0,112.0,0.8072,0.4874,0.809,0.4829
1189.0,3000.0,112.0,0.8034,0.4985,0.8034,0.5036
1190.0,3000.0,112.0,0.8081,0.4846,0.805,0.4896
1191.0,3000.0,113.0,0.804,0.4964,0.8057,0.4932
1192.0,3000.0,116.0,0.8048,0.4941,0.805,0.4934
1193.0,3000.0,112.0,0.8074,0.4869,0.8096,0.48
1194.0,3000.0,110.0,0.8077,0.4863,0.8062,0.496
1195.0,3000.0,112.0,0.8064,0.4891,0.8015,0.5094
1196.0,3000.0,112.0,0.8067,0.4882,0.8052,0.4935
1197.0,3000.0,112.0,0.8084,0.4839,0.8041,0.4972
1198.0,3000.0,115.0,0.808,0.484,0.8008,0.5132
1199.0,3000.0,112.0,0.8042,0.4961,0.8027,0.4992
1200.0,3000.0,112.0,0.8075,0.4864,0.8096,0.4848
1201.0,3000.0,111.0,0.8026,0.5008,0.8101,0.4808
1202.0,3000.0,111.0,0.8051,0.4934,0.8071,0.4871
1203.0,3000.0,111.0,0.8007,0.5068,0.8017,0.5087
1204.0,3000.0,110.0,0.8058,0.4904,0.8089,0.4856
1205.0,3000.0,111.0,0.8049,0.4944,0.7983,0.5185
1206.0,3000.0,112.0,0.8019,0.5036,0.7979,0.5116
1207.0,3000.0,114.0,0.8042,0.4959,0.807,0.4898
1208.0,3000.0,112.0,0.8042,0.4958,0.8022,0.5016
1209.0,3000.0,112.0,0.8015,0.5038,0.8078,0.4886
1210.0,3000.0,112.0,0.8045,0.4948,0.8035,0.5074
1211.0,3000.0,111.0,0.8025,0.5003,0.8003,0.5118
1212.0,3000.0,111.0,0.8075,0.4861,0.8031,0.5005
1213.0,3000.0,111.0,0.8077,0.4856,0.8043,0.494
1214.0,3000.0,114.0,0.8073,0.4869,0.8102,0.4803
1215.0,3000.0,113.0,0.8062,0.4905,0.8116,0.4729
1216.0,3000.0,113.0,0.806,0.4899,0.8052,0.5017
1217.0,3000.0,112.0,0.8049,0.4933,0.7887,0.5372
1218.0,3000.0,111.0,0.8055,0.4919,0.8087,0.4916
1219.0,3000.0,112.0,0.8051,0.493,0.8098,0.4845
1220.0,3000.0,113.0,0.8066,0.4886,0.8031,0.5086
1221.0,3000.0,112.0,0.8088,0.4826,0.7966,0.5219
1222.0,3000.0,111.0,0.8004,0.5075,0.8157,0.4723
1223.0,3000.0,111.0,0.8069,0.4878,0.8102,0.4827
1224.0,3000.0,110.0,0.8078,0.4852,0.8057,0.4897
1225.0,3000.0,113.0,0.8067,0.489,0.8067,0.4917
1226.0,3000.0,113.0,0.8024,0.5021,0.8026,0.4979
1227.0,3000.0,110.0,0.8034,0.4985,0.8123,0.4751
1228.0,3000.0,110.0,0.804,0.4958,0.7989,0.5134
1229.0,3000.0,111.0,0.8041,0.4969,0.8042,0.4958
1230.0,3000.0,114.0,0.8054,0.4924,0.8063,0.4948
1231.0,3000.0,114.0,0.8086,0.4826,0.8053,0.5002
1232.0,3000.0,115.0,0.8039,0.497,0.7999,0.5036
1233.0,3000.0,116.0,0.8055,0.4929,0.8094,0.4826
1234.0,3000.0,112.0,0.8041,0.496,0.806,0.5001
1235.0,3000.0,117.0,0.8086,0.4832,0.8069,0.4939
1236.0,3000.0,113.0,0.8047,0.4936,0.8031,0.5029
1237.0,3000.0,114.0,0.8029,0.5,0.8039,0.4961
1238.0,3000.0,113.0,0.8074,0.4864,0.8028,0.5056
1239.0,3000.0,112.0,0.8081,0.4842,0.8065,0.491
1240.0,3000.0,111.0,0.8085,0.4828,0.7992,0.5125
1241.0,3000.0,112.0,0.807,0.4881,0.8016,0.504
1242.0,3000.0,111.0,0.8039,0.4968,0.8015,0.51
1243.0,3000.0,112.0,0.8058,0.4913,0.8081,0.4827
1244.0,3000.0,114.0,0.8049,0.4942,0.7951,0.5262
1245.0,3000.0,112.0,0.8054,0.4925,0.8046,0.4969
1246.0,3000.0,114.0,0.8053,0.4931,0.8039,0.5016
1247.0,3000.0,111.0,0.8043,0.4961,0.804,0.499
1248.0,3000.0,111.0,0.8084,0.4835,0.8063,0.4915
1249.0,3000.0,112.0,0.803,0.4988,0.8051,0.4959
1250.0,3000.0,113.0,0.808,0.4854,0.8117,0.4782
1251.0,3000.0,111.0,0.8082,0.484,0.8017,0.4981
1252.0,3000.0,111.0,0.8016,0.5034,0.8062,0.4911
1253.0,3000.0,113.0,0.8047,0.4943,0.8051,0.4907
1254.0,3000.0,112.0,0.8046,0.4949,0.8119,0.473
1255.0,3000.0,113.0,0.806,0.4919,0.8058,0.4906
1256.0,3000.0,112.0,0.8082,0.4848,0.8002,0.5083
1257.0,3000.0,112.0,0.8072,0.4873,0.8072,0.4883
1258.0,3000.0,113.0,0.8034,0.499,0.8103,0.478
1259.0,3000.0,111.0,0.8037,0.4973,0.8063,0.4868
1260.0,3000.0,110.0,0.8047,0.4945,0.8106,0.4844
1261.0,3000.0,111.0,0.8059,0.4907,0.8043,0.4993
1262.0,3000.0,150.0,0.8028,0.4993,0.8054,0.497
1263.0,3000.0,159.0,0.8023,0.5019,0.8052,0.4956
1264.0,3000.0,135.0,0.8042,0.4951,0.8078,0.4894
1265.0,3000.0,122.0,0.8075,0.4865,0.8108,0.4823
1266.0,3000.0,120.0,0.8092,0.4813,0.7901,0.5426
1267.0,3000.0,118.0,0.8056,0.4912,0.7977,0.5176
1268.0,3000.0,124.0,0.805,0.4942,0.803,0.5024
1269.0,3000.0,121.0,0.8031,0.4988,0.8096,0.4829
1270.0,3000.0,118.0,0.8065,0.4893,0.8063,0.4928
1271.0,3000.0,125.0,0.8051,0.4927,0.8073,0.4861
1272.0,3000.0,124.0,0.8054,0.4927,0.7996,0.5189
1273.0,3000.0,123.0,0.8075,0.4865,0.8073,0.4871
1274.0,3000.0,133.0,0.8075,0.4875,0.8082,0.4859
1275.0,3000.0,126.0,0.8051,0.4931,0.8106,0.487
1276.0,3000.0,127.0,0.8058,0.4914,0.8043,0.5
1277.0,3000.0,125.0,0.8074,0.486,0.8112,0.4795
1278.0,3000.0,126.0,0.8004,0.5076,0.806,0.496
1279.0,3000.0,126.0,0.805,0.4933,0.8013,0.5039
1280.0,3000.0,127.0,0.8065,0.4897,0.8081,0.4858
1281.0,3000.0,128.0,0.8029,0.5002,0.8015,0.5007
1282.0,3000.0,138.0,0.8059,0.4916,0.8054,0.49
1283.0,3000.0,122.0,0.808,0.4847,0.8093,0.4814
1284.0,3000.0,121.0,0.8074,0.487,0.8007,0.502
1285.0,3000.0,120.0,0.809,0.4821,0.8041,0.4949
1286.0,3000.0,119.0,0.8043,0.4945,0.8106,0.4819
1287.0,3000.0,122.0,0.8038,0.4964,0.8111,0.4836
1288.0,3000.0,119.0,0.8059,0.4916,0.8046,0.4932
1289.0,3000.0,122.0,0.8058,0.4917,0.793,0.5273
1290.0,3000.0,122.0,0.8059,0.4909,0.8083,0.4882
1291.0,3000.0,121.0,0.8096,0.4795,0.8064,0.4915
1292.0,3000.0,121.0,0.8029,0.5004,0.8037,0.5037
1293.0,3000.0,120.0,0.8061,0.4897,0.8058,0.4975
1294.0,3000.0,123.0,0.8096,0.4793,0.8026,0.5012
1295.0,3000.0,120.0,0.8077,0.485,0.8019,0.5017
1296.0,3000.0,119.0,0.8058,0.4921,0.806,0.4924
1297.0,3000.0,121.0,0.8078,0.4848,0.8011,0.5126
1298.0,3000.0,122.0,0.8029,0.4992,0.8052,0.4947
1299.0,3000.0,123.0,0.8057,0.491,0.8095,0.4815
1300.0,3000.0,122.0,0.804,0.4971,0.8084,0.4805
1301.0,3000.0,121.0,0.8064,0.489,0.8098,0.4812
1302.0,3000.0,122.0,0.8041,0.4954,0.8093,0.4835
1303.0,3000.0,120.0,0.804,0.4966,0.8074,0.4909
1304.0,3000.0,115.0,0.8019,0.5024,0.8134,0.4716
1305.0,3000.0,114.0,0.8058,0.4913,0.7991,0.5105
1306.0,3000.0,114.0,0.803,0.4992,0.7996,0.5136
1307.0,3000.0,115.0,0.8057,0.4911,0.8086,0.4838
1308.0,3000.0,115.0,0.8038,0.497,0.8046,0.5004
1309.0,3000.0,115.0,0.8067,0.4887,0.8061,0.4917
1310.0,3000.0,113.0,0.8063,0.4892,0.8107,0.4807
1311.0,3000.0,112.0,0.8062,0.4894,0.8113,0.4746
1312.0,3000.0,115.0,0.8045,0.4945,0.8102,0.4827
1313.0,3000.0,114.0,0.8029,0.4997,0.811,0.4735
1314.0,3000.0,113.0,0.8033,0.4977,0.8066,0.4887
1315.0,3000.0,114.0,0.8067,0.4873,0.8015,0.4961
1316.0,3000.0,121.0,0.8067,0.4886,0.8059,0.4907
1317.0,3000.0,113.0,0.8058,0.4913,0.8016,0.5092
1318.0,3000.0,113.0,0.8048,0.4948,0.8054,0.4931
1319.0,3000.0,113.0,0.8087,0.4831,0.7999,0.5112
1320.0,3000.0,113.0,0.8036,0.4966,0.8075,0.4826
1321.0,3000.0,120.0,0.808,0.4839,0.8097,0.4831
1322.0,3000.0,118.0,0.8055,0.4917,0.7467,0.7265
1323.0,3000.0,114.0,0.805,0.4939,0.8146,0.4634
1324.0,3000.0,115.0,0.8058,0.4915,0.8139,0.4665
1325.0,3000.0,112.0,0.8066,0.4885,0.807,0.4887
1326.0,3000.0,111.0,0.8076,0.4851,0.8071,0.4943
1327.0,3000.0,111.0,0.8049,0.4939,0.81,0.4749
1328.0,3000.0,114.0,0.8042,0.4964,0.8061,0.4982
1329.0,3000.0,111.0,0.8099,0.4789,0.8129,0.4749
1330.0,3000.0,111.0,0.8019,0.5023,0.8132,0.4701
1331.0,3000.0,111.0,0.8069,0.4875,0.806,0.4917
1332.0,3000.0,111.0,0.8081,0.4836,0.8075,0.4847
1333.0,3000.0,112.0,0.8064,0.4898,0.8136,0.4732
1334.0,3000.0,111.0,0.809,0.4813,0.8017,0.5045
1335.0,3000.0,111.0,0.8106,0.4767,0.804,0.5011
1336.0,3000.0,111.0,0.8017,0.5029,0.8098,0.483
1337.0,3000.0,111.0,0.8086,0.4829,0.8017,0.4989
1338.0,3000.0,111.0,0.8053,0.4926,0.8028,0.508
1339.0,3000.0,110.0,0.8016,0.5042,0.8119,0.4781
1340.0,3000.0,111.0,0.8066,0.4887,0.8066,0.4878
1341.0,3000.0,112.0,0.8069,0.4878,0.8101,0.4828
1342.0,3000.0,111.0,0.8083,0.4837,0.8044,0.4966
1343.0,3000.0,111.0,0.811,0.4759,0.8092,0.4857
1344.0,3000.0,110.0,0.803,0.4989,0.8044,0.4933
1345.0,3000.0,110.0,0.8038,0.4965,0.8087,0.4914
1346.0,3000.0,110.0,0.8079,0.4844,0.8106,0.478
1347.0,3000.0,111.0,0.8049,0.494,0.8118,0.4769
1348.0,3000.0,109.0,0.8083,0.4836,0.8122,0.4753
1349.0,3000.0,111.0,0.8065,0.4888,0.8117,0.4767
1350.0,3000.0,112.0,0.8054,0.4922,0.8035,0.4922
1351.0,3000.0,110.0,0.8087,0.4819,0.809,0.4843
1352.0,3000.0,116.0,0.8037,0.4978,0.8071,0.4904
1353.0,3000.0,111.0,0.8069,0.4878,0.806,0.4862
1354.0,3000.0,111.0,0.806,0.4904,0.8014,0.4989
1355.0,3000.0,110.0,0.8017,0.5033,0.8039,0.4983
1356.0,3000.0,110.0,0.8092,0.48,0.8116,0.4814
1357.0,3000.0,110.0,0.8022,0.5005,0.8057,0.4939
1358.0,3000.0,110.0,0.8073,0.4867,0.8072,0.4967
1359.0,3000.0,111.0,0.8093,0.4811,0.8037,0.4948
1360.0,3000.0,113.0,0.8067,0.4879,0.8014,0.5078
1361.0,3000.0,109.0,0.8106,0.4767,0.8064,0.4917
1362.0,3000.0,111.0,0.8052,0.4935,0.8089,0.4805
1363.0,3000.0,121.0,0.8041,0.4967,0.8083,0.4826
1364.0,3000.0,112.0,0.8077,0.4856,0.8083,0.492
1365.0,3000.0,114.0,0.8082,0.4844,0.8078,0.4887
1366.0,3000.0,111.0,0.8085,0.4832,0.8048,0.4953
1367.0,3000.0,111.0,0.8055,0.4921,0.8074,0.4967
1368.0,3000.0,113.0,0.8088,0.4812,0.8021,0.5014
1369.0,3000.0,110.0,0.8065,0.4888,0.8051,0.4938
1370.0,3000.0,109.0,0.8082,0.4841,0.7878,0.5391
1371.0,3000.0,110.0,0.8075,0.4861,0.8063,0.4892
1372.0,3000.0,110.0,0.8069,0.4879,0.8067,0.4865
1373.0,3000.0,110.0,0.8048,0.4931,0.8042,0.4975
1374.0,3000.0,110.0,0.8068,0.488,0.8114,0.4772
1375.0,3000.0,110.0,0.81,0.4779,0.8079,0.4924
1376.0,3000.0,112.0,0.8077,0.4854,0.8052,0.4921
1377.0,3000.0,109.0,0.8077,0.486,0.8058,0.4989
1378.0,3000.0,108.0,0.8048,0.493,0.8077,0.4938
1379.0,3000.0,108.0,0.8038,0.498,0.8079,0.4879
1380.0,3000.0,109.0,0.8075,0.486,0.8096,0.4825
1381.0,3000.0,109.0,0.8052,0.4927,0.8108,0.4782
1382.0,3000.0,107.0,0.8074,0.4867,0.8116,0.4781
1383.0,3000.0,108.0,0.8119,0.4724,0.8061,0.4933
1384.0,3000.0,108.0,0.8111,0.4757,0.8135,0.4702
1385.0,3000.0,110.0,0.8071,0.4873,0.8125,0.4723
1386.0,3000.0,109.0,0.8046,0.4947,0.8048,0.4923
1387.0,3000.0,108.0,0.8032,0.4982,0.8067,0.4882
1388.0,3000.0,108.0,0.8085,0.4841,0.8056,0.4966
1389.0,3000.0,109.0,0.8081,0.4833,0.8069,0.4907
1390.0,3000.0,109.0,0.81,0.479,0.805,0.4941
1391.0,3000.0,108.0,0.811,0.4756,0.8101,0.4814
1392.0,3000.0,108.0,0.8069,0.488,0.8034,0.499
1393.0,3000.0,109.0,0.8064,0.4881,0.8052,0.4887
1394.0,3000.0,108.0,0.8051,0.4929,0.8123,0.4777
1395.0,3000.0,113.0,0.8045,0.4943,0.8021,0.5011
1396.0,3000.0,111.0,0.8051,0.4923,0.8062,0.4936
1397.0,3000.0,110.0,0.8081,0.4847,0.8089,0.4846
1398.0,3000.0,112.0,0.8097,0.4793,0.8077,0.4887
1399.0,3000.0,110.0,0.8102,0.478,0.8026,0.5058
1400.0,3000.0,109.0,0.8058,0.4907,0.8032,0.5019
1401.0,3000.0,109.0,0.8072,0.4876,0.8101,0.4825
1402.0,3000.0,109.0,0.8069,0.4875,0.8078,0.4857
1403.0,3000.0,109.0,0.8046,0.4947,0.8141,0.4754
1404.0,3000.0,110.0,0.8102,0.478,0.8066,0.4872
1405.0,3000.0,108.0,0.8097,0.4796,0.8089,0.4841
1406.0,3000.0,108.0,0.8062,0.4895,0.8018,0.5005
1407.0,3000.0,108.0,0.8073,0.4867,0.8097,0.4771
1408.0,3000.0,108.0,0.8069,0.488,0.8056,0.4946
1409.0,3000.0,108.0,0.8044,0.4951,0.8121,0.4715
1410.0,3000.0,111.0,0.8134,0.4672,0.8038,0.5028
1411.0,3000.0,108.0,0.8057,0.4912,0.803,0.5001
1412.0,3000.0,108.0,0.8085,0.4825,0.8124,0.4755
1413.0,3000.0,107.0,0.805,0.4934,0.8123,0.4779
1414.0,3000.0,108.0,0.8069,0.487,0.807,0.4907
1415.0,3000.0,109.0,0.8056,0.4911,0.8095,0.4796
1416.0,3000.0,109.0,0.8085,0.4823,0.8119,0.4754
1417.0,3000.0,108.0,0.809,0.482,0.8102,0.4806
1418.0,3000.0,110.0,0.8079,0.485,0.8034,0.5001
1419.0,3000.0,110.0,0.8052,0.4926,0.8023,0.4964
1420.0,3000.0,109.0,0.806,0.4908,0.8027,0.4989
1421.0,3000.0,109.0,0.808,0.4839,0.7663,0.6098
1422.0,3000.0,109.0,0.804,0.4958,0.8079,0.4886
1423.0,3000.0,110.0,0.8082,0.4836,0.8051,0.495
1424.0,3000.0,108.0,0.804,0.4953,0.8111,0.4825
1425.0,3000.0,109.0,0.8115,0.4736,0.804,0.4943
1426.0,3000.0,108.0,0.8028,0.5007,0.8086,0.4831
1427.0,3000.0,108.0,0.8081,0.4846,0.8078,0.4905
1428.0,3000.0,108.0,0.809,0.4809,0.8023,0.4999
1429.0,3000.0,109.0,0.806,0.4912,0.8146,0.4688
1430.0,3000.0,111.0,0.8095,0.4806,0.807,0.4833
1431.0,3000.0,110.0,0.8125,0.4705,0.8086,0.4886
1432.0,3000.0,115.0,0.8074,0.4864,0.8149,0.4727
1433.0,3000.0,108.0,0.8068,0.4875,0.8136,0.479
1434.0,3000.0,111.0,0.8072,0.4859,0.8055,0.496
1435.0,3000.0,108.0,0.8064,0.4894,0.8151,0.4668
1436.0,3000.0,108.0,0.8099,0.4784,0.8068,0.4897
1437.0,3000.0,109.0,0.809,0.4815,0.8116,0.4727
1438.0,3000.0,107.0,0.8067,0.4875,0.8044,0.4956
1439.0,3000.0,109.0,0.8054,0.4928,0.8054,0.4885
1440.0,3000.0,108.0,0.8037,0.497,0.8063,0.493
1441.0,3000.0,108.0,0.8087,0.4819,0.8068,0.4889
1442.0,3000.0,108.0,0.8067,0.4875,0.8027,0.4974
1443.0,3000.0,108.0,0.8011,0.5051,0.8135,0.477
1444.0,3000.0,108.0,0.7996,0.5091,0.8125,0.4723
1445.0,3000.0,108.0,0.8056,0.4913,0.8084,0.482
1446.0,3000.0,108.0,0.8049,0.4935,0.7988,0.5136
1447.0,3000.0,108.0,0.808,0.4852,0.81,0.4801
1448.0,3000.0,108.0,0.8096,0.4796,0.8097,0.4789
1449.0,3000.0,109.0,0.8073,0.4871,0.8086,0.4904
1450.0,3000.0,108.0,0.8071,0.4865,0.8066,0.4877
1451.0,3000.0,108.0,0.8064,0.489,0.8057,0.4933
1452.0,3000.0,109.0,0.8061,0.4897,0.8114,0.4755
1453.0,3000.0,109.0,0.8072,0.4864,0.8091,0.4821
1454.0,3000.0,109.0,0.8098,0.4783,0.8111,0.4738
1455.0,3000.0,108.0,0.8055,0.4913,0.8103,0.4855
1456.0,3000.0,107.0,0.8043,0.4953,0.8041,0.4955
1457.0,3000.0,108.0,0.8066,0.4884,0.8068,0.4856
1458.0,3000.0,108.0,0.8096,0.4801,0.8074,0.4889
1459.0,3000.0,108.0,0.8074,0.4855,0.8077,0.485
1460.0,3000.0,108.0,0.8085,0.4824,0.8091,0.4786
1461.0,3000.0,107.0,0.8067,0.4882,0.8086,0.4884
1462.0,3000.0,108.0,0.8075,0.4859,0.8015,0.501
1463.0,3000.0,108.0,0.8066,0.4896,0.8022,0.5055
1464.0,3000.0,109.0,0.8063,0.4891,0.8144,0.4652
1465.0,3000.0,109.0,0.8049,0.4931,0.8132,0.4742
1466.0,3000.0,109.0,0.8104,0.4768,0.8078,0.4899
1467.0,3000.0,109.0,0.808,0.484,0.8055,0.4925
1468.0,3000.0,108.0,0.8075,0.4859,0.8043,0.4956
1469.0,3000.0,108.0,0.8065,0.4883,0.8137,0.4713
1470.0,3000.0,109.0,0.8073,0.4861,0.8086,0.4923
1471.0,3000.0,108.0,0.808,0.4849,0.8117,0.4708
1472.0,3000.0,109.0,0.808,0.4843,0.8067,0.4906
1473.0,3000.0,109.0,0.806,0.4897,0.7994,0.5097
1474.0,3000.0,108.0,0.8061,0.4907,0.8087,0.4837
1475.0,3000.0,108.0,0.8041,0.4957,0.7996,0.5084
1476.0,3000.0,116.0,0.8072,0.4862,0.8016,0.5027
1477.0,3000.0,109.0,0.8084,0.4845,0.8107,0.4768
1478.0,3000.0,108.0,0.8069,0.4886,0.8116,0.4783
1479.0,3000.0,108.0,0.8044,0.4951,0.8012,0.5005
1480.0,3000.0,111.0,0.805,0.4927,0.8085,0.4852
1481.0,3000.0,109.0,0.8073,0.4868,0.8091,0.4817
1482.0,3000.0,108.0,0.8073,0.4858,0.8047,0.4962
1483.0,3000.0,107.0,0.8041,0.497,0.8054,0.4957
1484.0,3000.0,111.0,0.8075,0.4854,0.8066,0.4957
1485.0,3000.0,109.0,0.8054,0.4917,0.8103,0.4812
1486.0,3000.0,108.0,0.8078,0.4839,0.8036,0.4996
1487.0,3000.0,108.0,0.8087,0.4813,0.8095,0.4784
1488.0,3000.0,108.0,0.8101,0.4784,0.8019,0.5013
1489.0,3000.0,108.0,0.804,0.4954,0.8083,0.4876
1490.0,3000.0,108.0,0.8081,0.4849,0.8046,0.4912
1491.0,3000.0,108.0,0.8071,0.4865,0.8029,0.5003
1492.0,3000.0,109.0,0.8064,0.4888,0.8027,0.5005
1493.0,3000.0,109.0,0.8042,0.4951,0.8069,0.4876
1494.0,3000.0,109.0,0.8066,0.4875,0.8083,0.4808
1495.0,3000.0,110.0,0.811,0.4746,0.806,0.4904
1496.0,3000.0,110.0,0.8066,0.4889,0.8127,0.4664
1497.0,3000.0,109.0,0.8059,0.4915,0.8063,0.4847
1498.0,3000.0,109.0,0.8101,0.4778,0.8192,0.4562
1499.0,3000.0,108.0,0.8094,0.4807,0.809,0.4839
1500.0,3000.0,108.0,0.8083,0.4838,0.8096,0.4798
1501.0,3000.0,108.0,0.8121,0.4724,0.8096,0.4797
1502.0,3000.0,107.0,0.8071,0.4876,0.7994,0.5114
1503.0,3000.0,107.0,0.8074,0.4866,0.8063,0.493
1504.0,3000.0,109.0,0.8092,0.4804,0.8065,0.4871
1505.0,3000.0,108.0,0.8064,0.4888,0.8038,0.4927
1506.0,3000.0,108.0,0.8048,0.4942,0.8121,0.4723
1507.0,3000.0,108.0,0.8081,0.4831,0.8055,0.494
1508.0,3000.0,108.0,0.8053,0.492,0.8053,0.4993
1509.0,3000.0,110.0,0.8027,0.4991,0.8046,0.4996
1510.0,3000.0,108.0,0.8085,0.4833,0.8061,0.4933
1511.0,3000.0,108.0,0.8066,0.4867,0.8033,0.4984
1512.0,3000.0,114.0,0.809,0.4804,0.8015,0.508
1513.0,3000.0,109.0,0.8057,0.4911,0.8027,0.5044
1514.0,3000.0,108.0,0.8077,0.4849,0.8043,0.4937
1515.0,3000.0,109.0,0.8124,0.4715,0.8125,0.4657
1516.0,3000.0,108.0,0.8065,0.4881,0.8112,0.4796
1517.0,3000.0,109.0,0.8119,0.472,0.8069,0.4905
1518.0,3000.0,110.0,0.8074,0.4869,0.8094,0.4816
1519.0,3000.0,111.0,0.809,0.4813,0.8045,0.499
1520.0,3000.0,111.0,0.807,0.4875,0.8051,0.4957
1521.0,3000.0,109.0,0.805,0.4937,0.8117,0.4737
1522.0,3000.0,109.0,0.8078,0.4845,0.8061,0.4901
1523.0,3000.0,110.0,0.8068,0.4885,0.8046,0.4865
1524.0,3000.0,108.0,0.8063,0.489,0.8125,0.4742
1525.0,3000.0,109.0,0.8063,0.4889,0.8094,0.4843
1526.0,3000.0,108.0,0.8052,0.4926,0.8049,0.494
1527.0,3000.0,108.0,0.8065,0.4887,0.8085,0.4847
1528.0,3000.0,108.0,0.8058,0.4903,0.807,0.4871
1529.0,3000.0,109.0,0.8054,0.4917,0.8084,0.4788
1530.0,3000.0,109.0,0.8042,0.4952,0.809,0.4852
1531.0,3000.0,109.0,0.8099,0.4794,0.8077,0.4944
1532.0,3000.0,109.0,0.8102,0.4782,0.8089,0.4807
1533.0,3000.0,111.0,0.8083,0.4838,0.8126,0.4744
1534.0,3000.0,109.0,0.8093,0.4803,0.8101,0.4868
1535.0,3000.0,108.0,0.8096,0.4788,0.8058,0.4902
1536.0,3000.0,109.0,0.8055,0.4918,0.8063,0.4862
1537.0,3000.0,110.0,0.8051,0.4927,0.8099,0.4821
1538.0,3000.0,108.0,0.807,0.4863,0.8146,0.4697
1539.0,3000.0,109.0,0.8126,0.4707,0.8045,0.501
1540.0,3000.0,109.0,0.8081,0.4836,0.8058,0.4927
1541.0,3000.0,108.0,0.8076,0.486,0.8096,0.4765
1542.0,3000.0,109.0,0.8113,0.4741,0.8037,0.4971
1543.0,3000.0,107.0,0.8083,0.4847,0.8125,0.4727
1544.0,3000.0,108.0,0.8066,0.4883,0.8173,0.4585
1545.0,3000.0,108.0,0.81,0.4775,0.8112,0.4782
1546.0,3000.0,108.0,0.8056,0.4915,0.8062,0.4909
1547.0,3000.0,108.0,0.8109,0.4757,0.8143,0.4767
1548.0,3000.0,108.0,0.8083,0.4832,0.8077,0.4907
1549.0,3000.0,108.0,0.8076,0.4847,0.8061,0.488
1550.0,3000.0,108.0,0.809,0.4808,0.8025,0.5027
1551.0,3000.0,109.0,0.8099,0.4792,0.8131,0.473
1552.0,3000.0,108.0,0.8074,0.4862,0.8066,0.4886
1553.0,3000.0,107.0,0.8114,0.4735,0.8145,0.4585
1554.0,3000.0,108.0,0.8038,0.4972,0.8159,0.4652
1555.0,3000.0,111.0,0.8086,0.4814,0.8055,0.4981
1556.0,3000.0,108.0,0.8112,0.4746,0.8051,0.4907
1557.0,3000.0,109.0,0.8088,0.4828,0.8091,0.4859
1558.0,3000.0,108.0,0.8108,0.4753,0.8065,0.4864
1559.0,3000.0,108.0,0.809,0.4818,0.8091,0.4809
1560.0,3000.0,108.0,0.804,0.4956,0.8094,0.4821
1561.0,3000.0,108.0,0.8113,0.4752,0.8098,0.4848
1562.0,3000.0,110.0,0.8093,0.4799,0.8094,0.4857
1563.0,3000.0,109.0,0.8107,0.4767,0.813,0.4677
1564.0,3000.0,112.0,0.8105,0.4764,0.8035,0.4932
1565.0,3000.0,110.0,0.8113,0.4746,0.8082,0.4856
1566.0,3000.0,108.0,0.8096,0.4796,0.8038,0.4987
1567.0,3000.0,108.0,0.8068,0.4877,0.806,0.4909
1568.0,3000.0,107.0,0.8107,0.4757,0.8005,0.5063
1569.0,3000.0,108.0,0.8095,0.4793,0.8155,0.466
1570.0,3000.0,108.0,0.8051,0.4921,0.7988,0.51
1571.0,3000.0,110.0,0.8088,0.4815,0.8081,0.483
1572.0,3000.0,110.0,0.8087,0.4823,0.8107,0.474
1573.0,3000.0,108.0,0.8109,0.4762,0.8052,0.4921
1574.0,3000.0,110.0,0.8113,0.4737,0.8112,0.4792
1575.0,3000.0,109.0,0.8086,0.4819,0.8099,0.4835
1576.0,3000.0,109.0,0.8078,0.4845,0.8056,0.4955
1577.0,3000.0,109.0,0.8106,0.4765,0.8041,0.4979
1578.0,3000.0,109.0,0.8052,0.4922,0.8096,0.4807
1579.0,3000.0,108.0,0.8077,0.4842,0.8058,0.4912
1580.0,3000.0,109.0,0.8108,0.4757,0.8021,0.5025
1581.0,3000.0,109.0,0.8047,0.4929,0.8084,0.4799
1582.0,3000.0,108.0,0.8119,0.4727,0.8037,0.5004
1583.0,3000.0,109.0,0.8044,0.4936,0.8097,0.4842
1584.0,3000.0,109.0,0.8128,0.4699,0.8104,0.4779
1585.0,3000.0,109.0,0.8087,0.4818,0.8081,0.4854
1586.0,3000.0,111.0,0.8078,0.4844,0.8061,0.4987
1587.0,3000.0,111.0,0.8075,0.4861,0.8029,0.502
1588.0,3000.0,109.0,0.8069,0.4873,0.8091,0.4721
1589.0,3000.0,108.0,0.8073,0.4865,0.8065,0.4881
1590.0,3000.0,108.0,0.8097,0.4793,0.8111,0.4749
1591.0,3000.0,108.0,0.8126,0.4708,0.8184,0.4552
1592.0,3000.0,115.0,0.8107,0.4753,0.8074,0.486
1593.0,3000.0,107.0,0.8067,0.4884,0.8087,0.4913
1594.0,3000.0,112.0,0.8125,0.4702,0.8029,0.5018
1595.0,3000.0,111.0,0.8098,0.4785,0.8062,0.4859
1596.0,3000.0,109.0,0.8068,0.4875,0.8046,0.4964
1597.0,3000.0,110.0,0.8083,0.4836,0.8083,0.4888
1598.0,3000.0,109.0,0.8122,0.4726,0.8052,0.4938
1599.0,3000.0,108.0,0.8121,0.4721,0.8107,0.4814
1600.0,3000.0,111.0,0.8087,0.482,0.8118,0.4761
1601.0,3000.0,109.0,0.8081,0.4834,0.8151,0.4705
1602.0,3000.0,110.0,0.8098,0.4791,0.8089,0.4811
1603.0,3000.0,109.0,0.8081,0.4829,0.8111,0.479
1604.0,3000.0,108.0,0.808,0.4839,0.8095,0.4837
1605.0,3000.0,109.0,0.8084,0.4831,0.8041,0.4951
1606.0,3000.0,109.0,0.8114,0.4745,0.8114,0.4803
1607.0,3000.0,109.0,0.8099,0.4777,0.8075,0.4827
1608.0,3000.0,108.0,0.8073,0.4867,0.81,0.4843
1609.0,3000.0,107.0,0.806,0.4898,0.8087,0.4822
1610.0,3000.0,108.0,0.809,0.4811,0.816,0.4582
1611.0,3000.0,108.0,0.8098,0.4782,0.8079,0.4824
1612.0,3000.0,108.0,0.8099,0.4779,0.8063,0.4968
1613.0,3000.0,108.0,0.8075,0.485,0.8099,0.4782
1614.0,3000.0,107.0,0.8122,0.4719,0.8081,0.4796
1615.0,3000.0,108.0,0.8092,0.4794,0.8051,0.4944
1616.0,3000.0,109.0,0.8048,0.4926,0.8099,0.4819
1617.0,3000.0,109.0,0.8079,0.485,0.8059,0.486
1618.0,3000.0,109.0,0.8054,0.4913,0.8159,0.4664
1619.0,3000.0,110.0,0.8087,0.4815,0.81,0.4807
1620.0,3000.0,109.0,0.8105,0.4758,0.8072,0.4831
1621.0,3000.0,110.0,0.807,0.4864,0.8088,0.4814
1622.0,3000.0,109.0,0.8128,0.4696,0.8113,0.4725
1623.0,3000.0,109.0,0.8089,0.4806,0.8094,0.4787
1624.0,3000.0,108.0,0.8037,0.4955,0.8135,0.4693
1625.0,3000.0,123.0,0.8105,0.4754,0.8058,0.4897
1626.0,3000.0,108.0,0.8078,0.4839,0.8166,0.4654
1627.0,3000.0,107.0,0.8087,0.4821,0.8061,0.4917
1628.0,3000.0,107.0,0.8089,0.4814,0.8113,0.4766
1629.0,3000.0,109.0,0.8106,0.4754,0.8079,0.4885
1630.0,3000.0,110.0,0.8101,0.4777,0.8043,0.4961
1631.0,3000.0,108.0,0.8068,0.488,0.8193,0.4544
1632.0,3000.0,110.0,0.8109,0.4746,0.8072,0.4816
1633.0,3000.0,108.0,0.8093,0.4796,0.8082,0.4885
1634.0,3000.0,108.0,0.8082,0.4839,0.8131,0.4742
1635.0,3000.0,107.0,0.8076,0.4853,0.8054,0.492
1636.0,3000.0,114.0,0.8111,0.4756,0.8118,0.4728
1637.0,3000.0,109.0,0.8112,0.474,0.8045,0.4912
1638.0,3000.0,107.0,0.8083,0.4823,0.8103,0.4796
1639.0,3000.0,107.0,0.8041,0.4957,0.8101,0.4788
1640.0,3000.0,108.0,0.8091,0.481,0.8106,0.4829
1641.0,3000.0,108.0,0.8093,0.4799,0.8006,0.5064
1642.0,3000.0,108.0,0.8092,0.4798,0.8111,0.4746
1643.0,3000.0,108.0,0.805,0.492,0.8052,0.493
1644.0,3000.0,109.0,0.8107,0.4774,0.7975,0.5175
1645.0,3000.0,109.0,0.8119,0.4733,0.8064,0.4884
1646.0,3000.0,109.0,0.8101,0.4782,0.8104,0.4789
1647.0,3000.0,110.0,0.8083,0.4834,0.81,0.4779
1648.0,3000.0,109.0,0.8053,0.4913,0.8086,0.483
1649.0,3000.0,109.0,0.8091,0.4801,0.8174,0.4659
1650.0,3000.0,110.0,0.8076,0.4852,0.8038,0.5025
1651.0,3000.0,108.0,0.8082,0.4827,0.8121,0.4708
1652.0,3000.0,109.0,0.811,0.4758,0.8129,0.4701
1653.0,3000.0,110.0,0.8122,0.4711,0.8134,0.4724
1654.0,3000.0,108.0,0.8086,0.4825,0.8084,0.4856
1655.0,3000.0,110.0,0.8094,0.4797,0.8155,0.4626
1656.0,3000.0,109.0,0.8104,0.4769,0.8122,0.469
1657.0,3000.0,109.0,0.8108,0.4761,0.8108,0.4788
1658.0,3000.0,109.0,0.8071,0.4853,0.8066,0.4837
1659.0,3000.0,109.0,0.8074,0.4865,0.8068,0.4925
1660.0,3000.0,111.0,0.8084,0.4824,0.8081,0.486
1661.0,3000.0,109.0,0.8111,0.4744,0.8121,0.4754
1662.0,3000.0,108.0,0.8118,0.4729,0.8135,0.4713
1663.0,3000.0,109.0,0.8075,0.486,0.8099,0.4826
1664.0,3000.0,110.0,0.8074,0.4853,0.8095,0.4828
1665.0,3000.0,109.0,0.8125,0.4709,0.806,0.4901
1666.0,3000.0,107.0,0.8055,0.4914,0.8051,0.4919
1667.0,3000.0,110.0,0.812,0.4718,0.811,0.4888
1668.0,3000.0,108.0,0.8089,0.4811,0.8094,0.4778
1669.0,3000.0,108.0,0.8101,0.477,0.7996,0.5101
1670.0,3000.0,109.0,0.8104,0.4775,0.8032,0.5028
1671.0,3000.0,111.0,0.8082,0.4821,0.8007,0.5023
1672.0,3000.0,113.0,0.8091,0.4804,0.8127,0.4707
1673.0,3000.0,109.0,0.8092,0.4796,0.8078,0.4822
1674.0,3000.0,109.0,0.8108,0.4763,0.8127,0.4756
1675.0,3000.0,108.0,0.8116,0.4735,0.7962,0.521
1676.0,3000.0,108.0,0.8087,0.4824,0.8085,0.489
1677.0,3000.0,108.0,0.8152,0.4625,0.8108,0.4754
1678.0,3000.0,107.0,0.8095,0.4796,0.8048,0.4955
1679.0,3000.0,109.0,0.8077,0.4855,0.8073,0.4855
1680.0,3000.0,109.0,0.8142,0.4657,0.812,0.4841
1681.0,3000.0,109.0,0.809,0.4809,0.8083,0.4904
1682.0,3000.0,108.0,0.8069,0.4866,0.8143,0.4694
1683.0,3000.0,110.0,0.811,0.4749,0.8104,0.4799
1684.0,3000.0,110.0,0.8068,0.4877,0.804,0.4932
1685.0,3000.0,108.0,0.8095,0.4803,0.8089,0.4812
1686.0,3000.0,108.0,0.8099,0.4781,0.8057,0.4949
1687.0,3000.0,108.0,0.8116,0.473,0.8156,0.4659
1688.0,3000.0,109.0,0.8089,0.4807,0.8096,0.4892
1689.0,3000.0,108.0,0.8111,0.4739,0.8111,0.4729
1690.0,3000.0,110.0,0.8088,0.4808,0.8118,0.475
1691.0,3000.0,109.0,0.8086,0.4819,0.8132,0.4714
1692.0,3000.0,108.0,0.8081,0.4832,0.8094,0.4809
1693.0,3000.0,112.0,0.8144,0.4645,0.8094,0.4759
1694.0,3000.0,108.0,0.8089,0.4817,0.8084,0.4808
1695.0,3000.0,110.0,0.8086,0.4818,0.8094,0.4752
1696.0,3000.0,110.0,0.8086,0.4829,0.8071,0.4876
1697.0,3000.0,115.0,0.8043,0.4951,0.8151,0.4691
1698.0,3000.0,111.0,0.8107,0.4756,0.8091,0.4857
1699.0,3000.0,110.0,0.8099,0.4788,0.8092,0.4846
1700.0,3000.0,109.0,0.813,0.4685,0.8097,0.4827
1701.0,3000.0,111.0,0.8094,0.4792,0.8102,0.4813
1702.0,3000.0,114.0,0.811,0.4743,0.8032,0.4994
1703.0,3000.0,115.0,0.8111,0.4746,0.8137,0.4696
1704.0,3000.0,115.0,0.8117,0.4728,0.8048,0.4928
1705.0,3000.0,114.0,0.8135,0.4678,0.8096,0.4851
1706.0,3000.0,113.0,0.8095,0.4796,0.8075,0.4798
1707.0,3000.0,110.0,0.8091,0.4806,0.8065,0.4813
1708.0,3000.0,109.0,0.8099,0.4791,0.8146,0.466
1709.0,3000.0,108.0,0.8096,0.4788,0.8114,0.4712
1710.0,3000.0,109.0,0.809,0.4801,0.809,0.4815
1711.0,3000.0,109.0,0.8074,0.4851,0.8102,0.4811
1712.0,3000.0,109.0,0.8103,0.4772,0.8041,0.4964
1713.0,3000.0,109.0,0.8126,0.4698,0.8135,0.4678
1714.0,3000.0,109.0,0.8096,0.4798,0.8078,0.4781
1715.0,3000.0,115.0,0.8115,0.4736,0.8108,0.475
1716.0,3000.0,108.0,0.8092,0.4801,0.802,0.4975
1717.0,3000.0,108.0,0.8133,0.4684,0.8155,0.4672
1718.0,3000.0,108.0,0.8133,0.468,0.8089,0.4866
1719.0,3000.0,107.0,0.8061,0.4895,0.8073,0.4854
1720.0,3000.0,109.0,0.8089,0.4821,0.8172,0.4643
1721.0,3000.0,109.0,0.8113,0.4739,0.8074,0.4909
1722.0,3000.0,109.0,0.8119,0.4733,0.8142,0.4712
1723.0,3000.0,113.0,0.8087,0.4815,0.8098,0.4861
1724.0,3000.0,119.0,0.8067,0.4868,0.8053,0.4975
1725.0,3000.0,110.0,0.8098,0.4788,0.7997,0.4995
1726.0,3000.0,110.0,0.8114,0.4738,0.8089,0.4819
1727.0,3000.0,110.0,0.811,0.4753,0.8077,0.4871
1728.0,3000.0,111.0,0.8092,0.4801,0.8127,0.4787
1729.0,3000.0,110.0,0.809,0.4805,0.816,0.4639
1730.0,3000.0,110.0,0.8092,0.4796,0.811,0.4787
1731.0,3000.0,112.0,0.8056,0.4906,0.8092,0.4794
1732.0,3000.0,110.0,0.8094,0.4788,0.8081,0.4901
1733.0,3000.0,110.0,0.8067,0.487,0.8119,0.471
1734.0,3000.0,110.0,0.8041,0.4944,0.817,0.4629
1735.0,3000.0,111.0,0.8105,0.4756,0.8106,0.4813
1736.0,3000.0,111.0,0.8138,0.4664,0.8105,0.4763
1737.0,3000.0,111.0,0.8075,0.4844,0.8144,0.4718
1738.0,3000.0,110.0,0.8076,0.4844,0.8103,0.4857
1739.0,3000.0,111.0,0.8124,0.4704,0.8127,0.4744
1740.0,3000.0,111.0,0.8117,0.4736,0.8068,0.495
1741.0,3000.0,111.0,0.8095,0.4795,0.8133,0.4719
1742.0,3000.0,111.0,0.8064,0.488,0.812,0.4788
1743.0,3000.0,111.0,0.8145,0.4641,0.8043,0.5008
1744.0,3000.0,113.0,0.81,0.4769,0.8056,0.4958
1745.0,3000.0,114.0,0.8096,0.4795,0.8031,0.5053
1746.0,3000.0,111.0,0.8081,0.4833,0.8097,0.482
1747.0,3000.0,111.0,0.8099,0.4777,0.8068,0.4973
1748.0,3000.0,111.0,0.8102,0.4777,0.8029,0.5008
1749.0,3000.0,111.0,0.8058,0.4906,0.8088,0.4868
1750.0,3000.0,110.0,0.8099,0.4782,0.8116,0.4786
1751.0,3000.0,110.0,0.8101,0.4778,0.8075,0.4836
1752.0,3000.0,115.0,0.8119,0.4723,0.8116,0.4714
1753.0,3000.0,113.0,0.8108,0.4748,0.8132,0.4619
1754.0,3000.0,111.0,0.8122,0.4722,0.8024,0.5014
1755.0,3000.0,111.0,0.8099,0.4787,0.811,0.4782
1756.0,3000.0,146.0,0.8112,0.4745,0.8085,0.4846
1757.0,3000.0,109.0,0.8074,0.4853,0.8145,0.4709
1758.0,3000.0,108.0,0.8095,0.4794,0.8122,0.472
1759.0,3000.0,108.0,0.8118,0.4725,0.8153,0.4658
1760.0,3000.0,109.0,0.8098,0.4789,0.8104,0.4877
1761.0,3000.0,110.0,0.8121,0.4717,0.811,0.4793
1762.0,3000.0,109.0,0.8106,0.4754,0.8137,0.4688
1763.0,3000.0,109.0,0.8089,0.4821,0.8057,0.4861
1764.0,3000.0,109.0,0.8103,0.4772,0.8096,0.4826
1765.0,3000.0,108.0,0.8111,0.4746,0.8027,0.5006
1766.0,3000.0,107.0,0.8104,0.4773,0.8013,0.5015
1767.0,3000.0,108.0,0.8117,0.4732,0.8133,0.4726
1768.0,3000.0,108.0,0.8074,0.4852,0.8132,0.4734
1769.0,3000.0,109.0,0.8137,0.4668,0.8084,0.4854
1770.0,3000.0,108.0,0.8136,0.4672,0.8025,0.4996
1771.0,3000.0,108.0,0.8083,0.4829,0.8104,0.4741
1772.0,3000.0,107.0,0.8084,0.4821,0.802,0.4947
1773.0,3000.0,107.0,0.8159,0.4607,0.8096,0.4854
1774.0,3000.0,107.0,0.8093,0.4798,0.808,0.4861
1775.0,3000.0,107.0,0.8095,0.4795,0.8089,0.4812
1776.0,3000.0,107.0,0.8108,0.4752,0.8148,0.4643
1777.0,3000.0,109.0,0.8068,0.4867,0.8066,0.494
1778.0,3000.0,109.0,0.8116,0.4733,0.805,0.4977
1779.0,3000.0,109.0,0.8091,0.4799,0.8068,0.489
1780.0,3000.0,108.0,0.8057,0.4897,0.8135,0.4692
1781.0,3000.0,113.0,0.8131,0.4685,0.8188,0.4565
1782.0,3000.0,109.0,0.8075,0.4855,0.8119,0.4765
1783.0,3000.0,111.0,0.8103,0.4772,0.8113,0.4814
1784.0,3000.0,109.0,0.8145,0.4654,0.8164,0.4612
1785.0,3000.0,109.0,0.81,0.4777,0.8109,0.473
1786.0,3000.0,108.0,0.8099,0.478,0.8128,0.4718
1787.0,3000.0,108.0,0.8125,0.4697,0.8084,0.4862
1788.0,3000.0,110.0,0.8098,0.4788,0.8105,0.478
1789.0,3000.0,110.0,0.8129,0.4689,0.8006,0.5017
1790.0,3000.0,111.0,0.8085,0.4825,0.8116,0.4756
1791.0,3000.0,112.0,0.8119,0.4719,0.8101,0.4804
1792.0,3000.0,111.0,0.8135,0.4669,0.8085,0.4819
1793.0,3000.0,115.0,0.8087,0.4825,0.8137,0.4672
1794.0,3000.0,112.0,0.811,0.4758,0.817,0.4579
1795.0,3000.0,111.0,0.8098,0.4784,0.8097,0.4819
1796.0,3000.0,118.0,0.8095,0.4792,0.8088,0.4784
1797.0,3000.0,113.0,0.8122,0.4714,0.8114,0.4756
1798.0,3000.0,110.0,0.8098,0.4776,0.8054,0.4957
1799.0,3000.0,111.0,0.8073,0.4861,0.8113,0.474
1800.0,3000.0,110.0,0.8054,0.4905,0.8139,0.4687
1801.0,3000.0,110.0,0.8102,0.477,0.8089,0.4873
1802.0,3000.0,111.0,0.8116,0.4733,0.8108,0.4786
1803.0,3000.0,111.0,0.8103,0.4769,0.8126,0.4709
1804.0,3000.0,114.0,0.811,0.4742,0.8066,0.4887
1805.0,3000.0,113.0,0.8128,0.4689,0.8073,0.4887
1806.0,3000.0,111.0,0.8089,0.4809,0.812,0.4695
1807.0,3000.0,110.0,0.8046,0.4933,0.8087,0.4828
1808.0,3000.0,108.0,0.8084,0.4819,0.8126,0.4686
1809.0,3000.0,110.0,0.8127,0.4697,0.8076,0.4891
1810.0,3000.0,109.0,0.808,0.4838,0.8135,0.4677
1811.0,3000.0,109.0,0.8109,0.4751,0.8107,0.477
1812.0,3000.0,108.0,0.8104,0.477,0.8077,0.4861
1813.0,3000.0,108.0,0.8093,0.4794,0.809,0.4798
1814.0,3000.0,108.0,0.8124,0.4716,0.814,0.4784
1815.0,3000.0,109.0,0.8108,0.4752,0.8137,0.4677
1816.0,3000.0,108.0,0.8104,0.4767,0.8113,0.478
1817.0,3000.0,110.0,0.8117,0.4726,0.8086,0.4821
1818.0,3000.0,108.0,0.8074,0.4854,0.8128,0.4759
1819.0,3000.0,108.0,0.81,0.4774,0.8061,0.4949
1820.0,3000.0,107.0,0.8127,0.47,0.8128,0.4697
1821.0,3000.0,109.0,0.809,0.4801,0.8141,0.4681
1822.0,3000.0,109.0,0.8056,0.4906,0.8097,0.4764
1823.0,3000.0,109.0,0.8128,0.4693,0.8056,0.4903
1824.0,3000.0,108.0,0.8124,0.4712,0.8077,0.493
1825.0,3000.0,109.0,0.8086,0.4816,0.8101,0.4785
1826.0,3000.0,109.0,0.8089,0.4809,0.8037,0.4976
1827.0,3000.0,109.0,0.8137,0.4669,0.8062,0.4945
1828.0,3000.0,108.0,0.8094,0.479,0.8119,0.4749
1829.0,3000.0,108.0,0.8115,0.4735,0.8087,0.487
1830.0,3000.0,107.0,0.8076,0.4841,0.8091,0.48
1831.0,3000.0,108.0,0.8111,0.4746,0.8161,0.4638
1832.0,3000.0,114.0,0.8085,0.4816,0.8092,0.4795
1833.0,3000.0,108.0,0.8122,0.4716,0.8148,0.4626
1834.0,3000.0,108.0,0.8148,0.4631,0.8121,0.4746
1835.0,3000.0,107.0,0.8097,0.4789,0.803,0.4869
1836.0,3000.0,108.0,0.8084,0.4819,0.8116,0.476
1837.0,3000.0,109.0,0.8103,0.476,0.8031,0.4982
1838.0,3000.0,108.0,0.8123,0.4716,0.8086,0.4779
1839.0,3000.0,107.0,0.8093,0.4801,0.8128,0.4705
1840.0,3000.0,108.0,0.8123,0.4712,0.8096,0.4819
1841.0,3000.0,108.0,0.8122,0.4704,0.8169,0.4578
1842.0,3000.0,108.0,0.8075,0.4853,0.8145,0.4631
1843.0,3000.0,109.0,0.8129,0.4685,0.8045,0.5014
1844.0,3000.0,108.0,0.8151,0.4629,0.8133,0.4722
1845.0,3000.0,107.0,0.8099,0.478,0.8143,0.4693
1846.0,3000.0,108.0,0.812,0.4712,0.8155,0.4636
1847.0,3000.0,110.0,0.8133,0.4681,0.8031,0.4968
1848.0,3000.0,110.0,0.81,0.4769,0.8044,0.4939
1849.0,3000.0,108.0,0.81,0.4779,0.8161,0.4637
1850.0,3000.0,108.0,0.8105,0.476,0.8147,0.4633
1851.0,3000.0,108.0,0.8098,0.4786,0.8117,0.476
1852.0,3000.0,108.0,0.8111,0.4746,0.8142,0.4695
1853.0,3000.0,107.0,0.815,0.4632,0.8079,0.4841
1854.0,3000.0,111.0,0.8098,0.4784,0.8168,0.4618
1855.0,3000.0,111.0,0.8067,0.4863,0.8139,0.4676
1856.0,3000.0,111.0,0.8086,0.4816,0.8089,0.4834
1857.0,3000.0,108.0,0.8112,0.4737,0.8119,0.4723
1858.0,3000.0,108.0,0.8106,0.4761,0.8138,0.4634
1859.0,3000.0,109.0,0.8083,0.4818,0.8115,0.471
1860.0,3000.0,108.0,0.8111,0.474,0.8143,0.4686
1861.0,3000.0,109.0,0.8135,0.4674,0.8076,0.4872
1862.0,3000.0,109.0,0.8134,0.4679,0.8124,0.478
1863.0,3000.0,108.0,0.8097,0.4787,0.8073,0.4871
1864.0,3000.0,108.0,0.8088,0.4808,0.816,0.4633
1865.0,3000.0,108.0,0.8115,0.4725,0.8059,0.4872
1866.0,3000.0,108.0,0.8081,0.483,0.8139,0.4672
1867.0,3000.0,109.0,0.8116,0.4727,0.8135,0.4719
1868.0,3000.0,114.0,0.8074,0.4848,0.8137,0.4708
1869.0,3000.0,108.0,0.8132,0.4675,0.8079,0.4863
1870.0,3000.0,108.0,0.8101,0.477,0.806,0.4886
1871.0,3000.0,107.0,0.8098,0.4778,0.8131,0.4774
1872.0,3000.0,107.0,0.8049,0.4929,0.8075,0.4889
1873.0,3000.0,108.0,0.811,0.4741,0.8075,0.485
1874.0,3000.0,107.0,0.8139,0.4659,0.8094,0.4835
1875.0,3000.0,112.0,0.8074,0.4857,0.8173,0.4556
1876.0,3000.0,109.0,0.8139,0.466,0.8065,0.4925
1877.0,3000.0,108.0,0.8115,0.4724,0.8113,0.4772
1878.0,3000.0,107.0,0.813,0.4685,0.8068,0.4869
1879.0,3000.0,109.0,0.8102,0.477,0.8057,0.4933
1880.0,3000.0,108.0,0.8112,0.4738,0.8132,0.4711
1881.0,3000.0,107.0,0.8063,0.489,0.8128,0.4719
1882.0,3000.0,109.0,0.8079,0.4836,0.8122,0.4778
1883.0,3000.0,108.0,0.8113,0.474,0.8066,0.4861
1884.0,3000.0,108.0,0.8084,0.482,0.8138,0.4642
1885.0,3000.0,108.0,0.8102,0.477,0.8111,0.4778
1886.0,3000.0,108.0,0.8098,0.4771,0.8106,0.4764
1887.0,3000.0,107.0,0.8118,0.4723,0.8069,0.4827
1888.0,3000.0,108.0,0.8137,0.4673,0.8113,0.4725
1889.0,3000.0,108.0,0.8139,0.4661,0.8126,0.4686
1890.0,3000.0,109.0,0.814,0.4658,0.8145,0.4669
1891.0,3000.0,108.0,0.8103,0.4771,0.8102,0.48
1892.0,3000.0,109.0,0.8121,0.4712,0.8125,0.4747
1893.0,3000.0,108.0,0.8134,0.4674,0.8179,0.4592
1894.0,3000.0,108.0,0.8067,0.4874,0.8174,0.458
1895.0,3000.0,108.0,0.8109,0.4746,0.8127,0.4738
1896.0,3000.0,108.0,0.8139,0.4651,0.8059,0.4929
1897.0,3000.0,107.0,0.8099,0.4778,0.8014,0.5005
1898.0,3000.0,108.0,0.8118,0.4723,0.7861,0.5484
1899.0,3000.0,109.0,0.8092,0.4799,0.8096,0.4839
1900.0,3000.0,108.0,0.8103,0.4771,0.8061,0.4899
1901.0,3000.0,109.0,0.8126,0.4701,0.8111,0.4811
1902.0,3000.0,111.0,0.8125,0.4708,0.8116,0.4757
1903.0,3000.0,107.0,0.8095,0.4796,0.8171,0.4568
1904.0,3000.0,108.0,0.8151,0.4618,0.8164,0.461
1905.0,3000.0,107.0,0.81,0.4769,0.8139,0.4715
1906.0,3000.0,107.0,0.8082,0.4833,0.8106,0.4766
1907.0,3000.0,108.0,0.813,0.4681,0.808,0.4844
1908.0,3000.0,108.0,0.8125,0.47,0.8046,0.4908
1909.0,3000.0,107.0,0.8114,0.4727,0.8113,0.4745
1910.0,3000.0,110.0,0.8101,0.4761,0.8116,0.4729
1911.0,3000.0,108.0,0.8139,0.4656,0.8122,0.4735
1912.0,3000.0,112.0,0.813,0.4687,0.8166,0.464
1913.0,3000.0,108.0,0.8131,0.4685,0.8038,0.4928
1914.0,3000.0,108.0,0.8132,0.4676,0.8108,0.4768
1915.0,3000.0,108.0,0.8093,0.479,0.8147,0.4667
1916.0,3000.0,108.0,0.8125,0.4694,0.8144,0.4686
1917.0,3000.0,107.0,0.8093,0.479,0.8054,0.4933
1918.0,3000.0,109.0,0.8122,0.4716,0.8171,0.4548
1919.0,3000.0,112.0,0.8069,0.4862,0.8134,0.4684
1920.0,3000.0,109.0,0.808,0.4833,0.8087,0.4809
1921.0,3000.0,109.0,0.8125,0.4696,0.8154,0.47
1922.0,3000.0,109.0,0.8112,0.4739,0.8147,0.4584
1923.0,3000.0,108.0,0.8148,0.4626,0.8159,0.4663
1924.0,3000.0,109.0,0.8104,0.4762,0.8172,0.4628
1925.0,3000.0,109.0,0.8137,0.4664,0.8107,0.4802
1926.0,3000.0,108.0,0.8131,0.4676,0.81,0.4767
1927.0,3000.0,109.0,0.8137,0.4666,0.8117,0.4715
1928.0,3000.0,108.0,0.8103,0.4768,0.8019,0.5
1929.0,3000.0,108.0,0.8096,0.4783,0.8145,0.4645
1930.0,3000.0,107.0,0.8098,0.4777,0.8143,0.4704
1931.0,3000.0,107.0,0.8121,0.4716,0.8152,0.4646
